alimento_codigo,grupo_confusion,nombre_pantalla,marca,subgrupo,unidad,fuente_tipo,codigo_barras,cita,kcal,sodio_mg,azucares_g,tipo_azucar,grasas_sat_g,grasas_trans_g,edulcorantes,sellos_activados,es_saludable,datos_incompletos,nota
margarita_limon,frituras_empaquetadas,Papas Margarita limón,Margarita,papas,100 g,off_sin_foto,7702189056023,https://world.openfoodfacts.org/product/7702189056023,538,499,2.5,añadidos (etiqueta),13,,no verificado,"sodio,grasas_saturadas",0,grasa trans no reportada; edulcorantes no verificados,Ficha de OFF modificada en 2026-05; calorías coherentes con los macronutrientes (+3%).
margarita_mayonesa,frituras_empaquetadas,Papas Margarita mayonesa,Margarita,papas,100 g,off_sin_foto,7702189057815,https://world.openfoodfacts.org/product/7702189057815,504,372,2.0,totales (la etiqueta/ficha no separa añadidos; se usan como aproximación de azúcares libres),12.8,,no verificado,"sodio,grasas_saturadas",0,grasa trans no reportada; edulcorantes no verificados,Calorías coherentes con los macronutrientes (+2%).
margarita_onduladas_tomate,frituras_empaquetadas,Papas Margarita onduladas de tomate,Margarita,papas,100 g,off_sin_foto,7702189053848,https://world.openfoodfacts.org/product/7702189053848,504,476,2.8,totales (la etiqueta/ficha no separa añadidos; se usan como aproximación de azúcares libres),11.2,,no verificado,"sodio,grasas_saturadas",0,grasa trans no reportada; edulcorantes no verificados,Ficha de 2026-07; calorías coherentes con los macronutrientes (+2%). Es la presentación 'onduladas'; no se encontró la Margarita de tomate lisa.
yupis,frituras_empaquetadas,Yupis,Yupi,maíz,100 g,off_etiqueta_verificada,7703133010535,https://world.openfoodfacts.org/product/7703133010535,541,466,0.0,añadidos (etiqueta),13,0,no verificado,"sodio,grasas_saturadas",0,edulcorantes no verificados,CORRECCIÓN: la ficha de OFF dice 1.840 mg de sodio/100 g; la foto de la etiqueta dice 466 mg. Se usa la etiqueta.
rizadas_limon,frituras_empaquetadas,Papas Rizadas limón (Yupi),Yupi,papas,100 g,off_etiqueta_verificada,7703133010160,https://world.openfoodfacts.org/product/7703133010160,534,412,0.1,añadidos (etiqueta),14,0,no verificado,"sodio,grasas_saturadas",0,edulcorantes no verificados,La ficha de OFF dice 540 kcal; la etiqueta dice 534. Se usa la etiqueta.
rizadas_mayonesa,frituras_empaquetadas,Papas Rizadas mayonesa (Yupi),Yupi,papas,100 g,off_etiqueta_verificada,7703133081696,https://world.openfoodfacts.org/product/7703133081696,534,461,0.9,añadidos (etiqueta),14,0,no,"sodio,grasas_saturadas",0,,"Ingredientes leídos en la foto (sin edulcorantes). Otra ficha del mismo producto (7703133030472) dice 800 mg de sodio, pero su foto muestra 461 mg: error de carga en OFF."
tosti_empanadas_limon,frituras_empaquetadas,Tosti empanadas limón,Yupi,maíz,100 g,off_etiqueta_verificada,7703133072335,https://world.openfoodfacts.org/product/7703133072335,530,462,0.0,añadidos (etiqueta),12,0,no verificado,"sodio,grasas_saturadas",0,edulcorantes no verificados,"La ficha de OFF dice 528,6 kcal (calculada de la porción); la etiqueta dice 530."
doritos_pizza,frituras_empaquetadas,Doritos pizza,Doritos,maíz,100 g,off_sin_foto,7702189059215,https://world.openfoodfacts.org/product/7702189059215,507,253,2.33,añadidos (etiqueta),4.67,,no verificado,ninguno,1,grasa trans no reportada; edulcorantes no verificados,"Otra ficha independiente (7702189059208) trae casi lo mismo (507 kcal, 252 mg sodio, 4,5 g grasa sat.)."
doritos_bbq,frituras_empaquetadas,Doritos BBQ,Doritos,maíz,100 g,off_sin_foto,7702189060006,https://world.openfoodfacts.org/product/7702189060006,510,280,4.39,totales (la etiqueta/ficha no separa añadidos; se usan como aproximación de azúcares libres),3.66,,no verificado,ninguno,1,grasa trans no reportada; edulcorantes no verificados,Calorías coherentes con los macronutrientes (-1%).
natuchips_platano,frituras_empaquetadas,NatuChips plátano verde,NatuChips,plátano,100 g,off_etiqueta_verificada,7702189055453,https://world.openfoodfacts.org/product/7702189055453,502,271,0.1,añadidos (etiqueta),5.0,0,no,ninguno,1,,"La etiqueta dice 'no es fuente significativa de grasa trans'. Ingredientes: plátano verde, aceites vegetales, sal."
cheetos_boliqueso,frituras_empaquetadas,Cheetos Boliqueso,Cheetos,maíz,100 g,off_etiqueta_verificada,7702189057860,https://world.openfoodfacts.org/product/7702189057860,545,435,3.4,añadidos (etiqueta),15,0,no,"sodio,grasas_saturadas",0,,La etiqueta dice 'no es fuente significativa de grasa trans'. Ingredientes leídos en la foto (sin edulcorantes).
cheetos_trissitos,frituras_empaquetadas,Cheetos Trissitos,Cheetos,maíz,100 g,off_sin_foto,7702189057884,https://world.openfoodfacts.org/product/7702189057884,501,565,2.1,añadidos (etiqueta),10,,no verificado,"sodio,grasas_saturadas",0,grasa trans no reportada; edulcorantes no verificados,Calorías coherentes con los macronutrientes (+2%).
takis_intense_nacho,frituras_empaquetadas,Takis Intense Nacho,Takis,maíz,100 g,off_sin_foto,7500810044452,https://world.openfoodfacts.org/product/7500810044452,524,636,1.2,añadidos (etiqueta),,,no verificado,sodio,0,grasa saturada no reportada; grasa trans no reportada; edulcorantes no verificados,"Código de barras mexicano (750), ficha marcada como vendida en Colombia. OFF no reporta grasa saturada."
detodito_pollo_parrillero,frituras_empaquetadas,De Todito pollo parrillero,De Todito,mezcla,100 g,off_sin_foto,7702189059963,https://world.openfoodfacts.org/product/7702189059963,510,260,8.0,totales (la etiqueta/ficha no separa añadidos; se usan como aproximación de azúcares libres),4.6,0.102,no verificado,ninguno,1,edulcorantes no verificados,Calorías coherentes con los macronutrientes (+3%).
superricas_papas_pollo,frituras_empaquetadas,Papas Super Ricas pollo,Super Ricas,papas,100 g,off_etiqueta_verificada,7702152109831,https://world.openfoodfacts.org/product/7702152109831,555,265,0.1,añadidos (etiqueta),6.1,0.18,no verificado,ninguno,1,edulcorantes no verificados,
superricas_tajaditas_platano,frituras_empaquetadas,Tajaditas Super Ricas plátano verde,Super Ricas,plátano,100 g,off_sin_foto,7702152107967,https://world.openfoodfacts.org/product/7702152107967,480,180,2.4,totales (la etiqueta/ficha no separa añadidos; se usan como aproximación de azúcares libres),4.0,,no verificado,ninguno,1,grasa trans no reportada; edulcorantes no verificados,Calorías coherentes con los macronutrientes (+2%).
cocacola_original,gaseosas_bebidas_azucaradas,Coca-Cola Original,Coca-Cola,gaseosa,100 ml,off_etiqueta_verificada,7702535025482,https://world.openfoodfacts.org/product/7702535025482,30,15,7.4,añadidos (etiqueta),0,0,sí: sucralosa,"azucares,edulcorantes",0,,"Etiqueta 2026 (1,75 L) con tabla e ingredientes. Hay fichas viejas con 10,8 g de azúcar y 43 kcal (fórmula anterior) y una foto de ingredientes (7702535011805) sin sucralosa, probablemente de una etiqueta anterior."
pepsi,gaseosas_bebidas_azucaradas,Pepsi,Pepsi,gaseosa,100 ml,off_etiqueta_verificada,7702192741749,https://world.openfoodfacts.org/product/7702192741749,20,3.6,4.7,añadidos (etiqueta),0,0,"sí: acesulfame K, sucralosa","azucares,edulcorantes",0,,"CORRECCIÓN: la ficha de OFF dice 0 mg de sodio y 18,04 g de azúcares añadidos; la etiqueta dice 3,6 mg y 4,7 g."
colombiana,gaseosas_bebidas_azucaradas,Colombiana,Postobón,gaseosa,100 ml,off_etiqueta_verificada,7702090032017,https://world.openfoodfacts.org/product/7702090032017,18.75,8.3,4.58,totales (la etiqueta/ficha no separa añadidos; se usan como aproximación de azúcares libres),0,0,"sí: acesulfame K, sucralosa","azucares,edulcorantes",0,,"La foto es de la etiqueta de EXPORTACIÓN (Centroamérica, porción de 240 ml; producto hecho en Colombia): valores por 100 ml calculados de 45 kcal / 20 mg / 11 g por porción."
postobon_manzana,gaseosas_bebidas_azucaradas,Manzana Postobón,Postobón,gaseosa,100 ml,off_sin_foto,7702090001563,https://world.openfoodfacts.org/product/7702090001563,19.5,9,4.9,añadidos (etiqueta),0,,no verificado,azucares,0,grasa trans no reportada; edulcorantes no verificados,"Hay fichas contradictorias en OFF: 7702090022728 (etiqueta anterior a la Res. 810, 7,5 g de azúcar) y 7702090064186 (con aspartame y acesulfame K, 4,1 g). Se usa la ficha más reciente con 'azúcares añadidos' (formato Res. 810), sin foto. Edulcorantes sin verificar para esta ficha."
mr_tea,gaseosas_bebidas_azucaradas,Mr. Tea,Postobón,té frío,100 ml,off_etiqueta_verificada,7702090031294,https://world.openfoodfacts.org/product/7702090031294,20,11,4.8,añadidos (etiqueta),0,0,sí: estevia,"azucares,edulcorantes",0,,CORRECCIÓN: la ficha de OFF dice 0 mg de sodio; la etiqueta dice 11 mg. Contiene además alulosa.
speed_max,gaseosas_bebidas_azucaradas,Speed Max,Postobón,energizante,100 ml,off_etiqueta_verificada,7702090097245,https://world.openfoodfacts.org/product/7702090097245,26,12,4.9,añadidos (etiqueta),0,0,sí (la etiqueta trae la advertencia 'Contiene edulcorantes'),"azucares,edulcorantes",0,,"CORRECCIÓN: la ficha de OFF tiene mal los carbohidratos (daría 61 kcal); se usa la etiqueta, que ya trae los sellos 'Exceso en azúcares' y 'Contiene edulcorantes'."
vive100,gaseosas_bebidas_azucaradas,Vive100 Original,Vive 100,energizante,100 ml,off_etiqueta_verificada,7702354934361,https://world.openfoodfacts.org/product/7702354934361,20,32,4.9,añadidos (etiqueta),0,0,"sí: sucralosa, acesulfame K","sodio,azucares,edulcorantes",0,,"La etiqueta dice: 'Este producto solo podrá ser comercializado, expendido y dirigido a población mayor de 14 años' (cafeína 32 mg/100 ml). La ficha de OFF dice 12,6 kcal; la etiqueta, 20."
del_valle_fresh_citricas,gaseosas_bebidas_azucaradas,Del Valle Fresh frutas cítricas,Del Valle,jugo,100 ml,off_etiqueta_verificada,7702535022078,https://world.openfoodfacts.org/product/7702535022078,18,29,4.5,añadidos (etiqueta),0,0,"sí: acesulfame K (leído en el borde de la foto, parcialmente visible)","sodio,azucares,edulcorantes",0,,
tamal_tolimense,tamal,Tamal tolimense,,tamal,100 g,icbf_directo,,"TCAC 2018, p.104-105, código S032",132,265,,,0.8,,,ninguno,1,azúcares (el TCAC no los reporta para platos preparados),"es_saludable=1 significa 'no disparó sellos con los datos disponibles', no 'verificado en todos los nutrientes'."
envuelto_yuca,tamal,Envuelto de yuca,,envuelto,100 g,icbf_directo,,"TCAC 2018, p.102-103, código S014 (precocido)",141,,,,,,,ninguno,1,azúcares (el TCAC no los reporta para platos preparados); sodio (celda en blanco en el TCAC); grasa saturada (celda en blanco en el TCAC),"es_saludable=1 significa 'no disparó sellos con los datos disponibles', no 'verificado en todos los nutrientes'."
envuelto_choclo_queso,tamal,Envuelto de choclo con queso,,envuelto,100 g,estimacion_por_receta,,"Recetas Nestlé Colombia, 'Envueltos de Mazorca' (https://www.recetasnestle.com.co/recetas/receta-envueltos-de-mazorca-colombianos); ingredientes contra USDA, ver alimentos_confirmacion_ingredientes.csv; peso total receta = 1438.0 g",186,277.1,0.0,"libres estimados (sin el azúcar de la leche condensada, ver nota)",5.9,,,grasas_saturadas,0,grasa trans (no se calcula por receta),"calcular_receta() no suma el azúcar de la leche condensada (la trata como azúcar natural de lácteo). Sumándolo, los azúcares serían 1.5 g/100 g = 3.3% de la energía (NO alcanza el 10% del sello): no cambia el resultado."
tamal,tamal,Tamal (otro tipo),,otro,100 g,generico_existente,,ver alimentos_icbf_fuentes.csv / alimentos_dulces_snacks_fuentes.csv,132,,,,,,,,1,,"Fila genérica existente, ahora opción 'otro tipo de tamal'. Conserva los valores del tamal tolimense (TCAC S032) como referencia más cercana."
frituras_empaquetadas,frituras_empaquetadas,Frituras empaquetadas (papas fritas),,otro,100 g,generico_existente,,ver alimentos_icbf_fuentes.csv / alimentos_dulces_snacks_fuentes.csv,571,,,,,,,,0,,"Fila genérica existente (proxy USDA de papas fritas de paquete), opción 'otra marca'."
gaseosas_bebidas_azucaradas,gaseosas_bebidas_azucaradas,Gaseosa / bebida azucarada,,otro,100 ml,generico_existente,,ver alimentos_icbf_fuentes.csv / alimentos_dulces_snacks_fuentes.csv,42,,,,,,,,0,,"Fila genérica existente (proxy USDA de gaseosa cola), opción 'otra marca'."
