alimento_codigo,ingrediente,cantidad_g,incluido_en_calculo_base,fuente,kcal_100g_ingrediente,sodio_mg_100g_ingrediente,azucares_g_100g_ingrediente,grasas_sat_g_100g_ingrediente,nota
mazorcada,Maíz tierno desgranado,150,sí,"USDA fdcId=169367 (Corn, sweet, white, frozen, kernels on cob, cooked, boiled, drained, with salt)",94.0,240.0,0.0,0.114,[estimado] base del plato
mazorcada,"Pollo desmechado, cocido",60,sí,"USDA fdcId=171477 (Chicken, broilers or fryers, breast, meat only, cooked, roasted)",165.0,74.0,0.0,1.01,[estimado] proteína base (variante elegida entre varias opciones del plato)
mazorcada,Crema de leche,30,sí,USDA fdcId=2384647 (HEAVY CREAM),400.0,33.0,6.67,26.7,[estimado]
mazorcada,Queso mozzarella,30,sí,USDA fdcId=2127251 (MOZZARELLA CHEESE),304.0,522.0,0.0,10.9,[estimado] para gratinar
mazorcada,Papa fosforito,0,no,"USDA fdcId=170451 (Potatoes, french fried, shoestring, salt added in processing, frozen, as purchased)",163.0,323.0,0.0,1.37,"APARTE -- acompañamiento opcional, no incluido en el cálculo base"
mazorcada,Salsas (tártara/ajo/piña),0,no,USDA fdcId=357848 (SAUCE),111.0,4280.0,16.7,0.0,"APARTE -- opcional, no incluido"
empanada_anejo,Harina de maíz (proxy de maíz añejo fermentado),60,sí,"USDA fdcId=169694 (Corn flour, masa, enriched, white)",363.0,5.0,1.61,0.532,"[estimado] proxy -- la fermentación puede alterar fibra/azúcares reales, sin dato específico disponible"
empanada_anejo,"Carne de res molida, cocida",30,sí,"USDA fdcId=2705854 (Beef, ground)",261.0,381.0,0.0,6.455,[estimado] relleno
empanada_anejo,Arroz cocido,15,sí,"USDA fdcId=2708408 (Rice, white, cooked, no added fat)",129.0,245.0,0.05,0.077,[estimado] relleno
empanada_anejo,Arvejas,10,sí,"USDA fdcId=2709970 (Green peas, canned, cooked with oil)",92.0,265.0,0.0,0.528,[estimado] relleno
empanada_anejo,Aceite absorbido en la fritura,10,sí,USDA fdcId=2378944 (VEGETABLE OIL),800.0,0.0,0.0,13.3,[estimado]
bunuelos,Queso costeño (proxy: queso fresco),40,sí,"USDA fdcId=172223 (Cheese, fresh, queso fresco)",299.0,751.0,0.0,12.9,[estimado]
bunuelos,Fécula de maíz (maicena),30,sí,USDA fdcId=2534013 (CORN STARCH),350.0,0.0,0.0,0.0,[estimado]
bunuelos,Almidón de yuca,20,sí,USDA fdcId=2033785 (TAPIOCA STARCH),375.0,300.0,0.0,0.0,[estimado]
bunuelos,Huevo,15,sí,"USDA fdcId=2707152 (Egg, whole, raw)",143.0,129.0,0.2,3.2,[estimado]
bunuelos,Azúcar,5,sí,"USDA fdcId=2710258 (Sugar, white, granulated or lump)",401.0,1.0,99.8,0.0,[estimado]
bunuelos,Aceite absorbido en la fritura,10,sí,USDA fdcId=2378944 (VEGETABLE OIL),800.0,0.0,0.0,13.3,[estimado]
aromatica,Infusión de hierbas en agua caliente,250,sí,"USDA fdcId=169828 (Tea, herbal, brewed, Hohoysi (Hopi))",2.0,27.0,0.0,0.0,"[estimado] versión BASE sin panela/fruta -- valor mínimo, no representa variantes endulzadas"
frito,Carne de cerdo (pierna/costilla),150,sí,"USDA fdcId=169188 (Pork, Shoulder breast, boneless, separable lean and fat, cooked, broiled)",162.0,54.0,0.0,1.32,[estimado]
frito,Manteca de cerdo (fritura),15,sí,USDA fdcId=2710166 (Lard),902.0,0.0,0.0,39.2,[estimado]
frito,"Sal/adobo (ajo, comino, cebolla)",2,sí,USDA fdcId=2162651 (SALT),0.0,39300.0,0.0,0.0,"[estimado] plato explícitamente adobado, la sal es parte integral, no opcional"
frito,"Papa, crispetas, yuca",0,no,USDA fdcId=2709510 (Potato patty),171.0,219.0,1.48,3.112,"APARTE -- acompañamiento, no incluido en el cálculo base"
chicharron,Panceta de cerdo con piel,100,sí,"USDA fdcId=2705901 (Pork, belly)",404.0,448.0,0.0,11.675,[estimado]
chicharron,Sal,1,sí,USDA fdcId=2162651 (SALT),0.0,39300.0,0.0,0.0,[estimado]
fresas_crema,Fresas frescas,500,sí,"USDA fdcId=2709283 (Strawberries, raw)",36.0,0.0,4.86,0.0,[dato] investigación de Isabella: 500g-1lb
fresas_crema,Crema de leche,240,sí,USDA fdcId=2384647 (HEAVY CREAM),400.0,33.0,6.67,26.67,[dato] investigación de Isabella: 1 taza
fresas_crema,Leche condensada,60,sí,"USDA fdcId=171275 (Milk, canned, condensed, sweetened)",321.0,127.0,0.0,5.486,[dato] investigación de Isabella: 3-4 cucharadas
patacon,Plátano verde,150,sí,"USDA fdcId=2709560 (Plantain, raw)",122.0,4.0,0.0,0.0,"[estimado] -- 'plantain green raw' emparejaba con un plato ya preparado ('Green plantain with cracklings, Puerto Rican style') porque 'raw' no cuenta para la relevancia y 'Plantain, raw' a secas no incluye la palabra 'green'"
patacon,Aceite absorbido (doble fritura),20,sí,USDA fdcId=2378944 (VEGETABLE OIL),800.0,0.0,0.0,13.3,[estimado]
patacon,Sal,1,sí,USDA fdcId=2162651 (SALT),0.0,39300.0,0.0,0.0,[estimado]
patacon,"Hogao, queso, carne desmechada, guacamole",0,no,USDA fdcId=357848 (SAUCE),111.0,4280.0,16.7,0.0,"APARTE -- acompañamientos opcionales, no incluidos en el cálculo base"
pandebono,Almidón de yuca,50,sí,USDA fdcId=2033785 (TAPIOCA STARCH),375.0,300.0,0.0,0.0,[estimado]
pandebono,Harina de maíz precocida,30,sí,"USDA fdcId=169694 (Corn flour, masa, enriched, white)",363.0,5.0,1.61,0.532,[estimado]
pandebono,Queso blanco rallado (fresco/costeño),50,sí,"USDA fdcId=172223 (Cheese, fresh, queso fresco)",299.0,751.0,0.0,12.9,[estimado]
pandebono,Huevo,15,sí,"USDA fdcId=2707152 (Egg, whole, raw)",143.0,129.0,0.2,3.2,[estimado]
pandebono,Mantequilla,10,sí,USDA fdcId=2542726 (BUTTER),714.0,0.0,0.0,50.0,[estimado]
pandebono,Azúcar,5,sí,"USDA fdcId=2710258 (Sugar, white, granulated or lump)",401.0,1.0,99.8,0.0,[estimado]
hornado,"Pierna de cerdo, horneada",150,sí,"USDA fdcId=168223 (Pork, fresh, leg (ham), whole, separable lean and fat, cooked, roasted)",273.0,60.0,0.0,6.47,[estimado]
hornado,"Adobo (ajo, comino, achiote, cebolla, sal, pimienta)",2,sí,USDA fdcId=2162651 (SALT),0.0,39300.0,0.0,0.0,[estimado] plato explícitamente adobado
hornado,"Papa, mote, llapingachos, aguacate",0,no,USDA fdcId=2709510 (Potato patty),171.0,219.0,1.48,3.112,"APARTE -- acompañamientos, no incluidos en el cálculo base"
llapingachos,"Papa cocida, aplastada",150,sí,"USDA fdcId=2709492 (Potato, mashed, NFS)",114.0,210.0,2.13,2.146,[estimado]
llapingachos,Cebolla (sofrito),15,sí,"USDA fdcId=2709953 (Onions, green, cooked)",63.0,161.0,2.66,0.82,[estimado]
llapingachos,Aceite (sofrito y fritura de la tortita),15,sí,USDA fdcId=2378944 (VEGETABLE OIL),800.0,0.0,0.0,13.3,[estimado]
llapingachos,Sal,1.5,sí,USDA fdcId=2162651 (SALT),0.0,39300.0,0.0,0.0,[estimado]
llapingachos,Queso fresco/campesino,0,no,"USDA fdcId=172223 (Cheese, fresh, queso fresco)",299.0,751.0,0.0,12.9,"APARTE -- relleno opcional según la investigación, no incluido en el cálculo base"
mondongo,"Callo o menudo de res, cocido",100,sí,TCAC 2018 (ver ICBF_DIRECTO/MONDONGO_CALLO_ICBF),102.0,68.0,0.0,1.4,"[dato ICBF] TCAC 2018, p.74-75, código F096"
mondongo,"Carne de cerdo magra, cocida",40,sí,"USDA fdcId=167842 (Pork, fresh, loin, top loin (roasts), boneless, separable lean and fat, cooked, roasted)",192.0,46.0,0.0,2.84,[estimado]
mondongo,Papa (blanca y criolla),60,sí,"USDA fdcId=2710790 (Potato, cooked, as ingredient)",81.0,3.0,0.64,0.026,[estimado]
mondongo,Yuca cocida,40,sí,"USDA fdcId=2709564 (Cassava, cooked)",191.0,145.0,0.0,0.793,[estimado]
mondongo,"Hogao (tomate, cebolla, pimentón, ajo)",30,sí,"USDA fdcId=170056 (Tomato products, canned, sauce, with onions)",42.0,551.0,0.0,0.03,[estimado]
mondongo,Aceite del hogao,10,sí,USDA fdcId=2378944 (VEGETABLE OIL),800.0,0.0,0.0,13.3,[estimado]
mondongo,Arvejas,20,sí,"USDA fdcId=2709970 (Green peas, canned, cooked with oil)",92.0,265.0,0.0,0.528,[estimado]
mondongo,"Arroz, aguacate",0,no,USDA fdcId=2709078 (Dirty rice),112.0,316.0,0.87,0.403,"APARTE -- se sirve aparte, no incluido en el cálculo base"
natilla,Leche entera,200,sí,USDA fdcId=2620729 (WHOLE MILK),62.0,52.0,0.0,2.08,[estimado]
natilla,Fécula de maíz (maicena),20,sí,USDA fdcId=2534013 (CORN STARCH),350.0,0.0,0.0,0.0,[estimado]
natilla,Panela (proxy: azúcar morena),60,sí,"USDA fdcId=2710260 (Sugar, brown)",380.0,28.0,97.02,0.0,"[estimado] ingrediente dulce dominante del plato -- proxy: la búsqueda anterior ('unrefined cane sugar') emparejaba con una BEBIDA de caña, no con azúcar sólida"
natilla,Mantequilla,15,sí,USDA fdcId=2542726 (BUTTER),714.0,0.0,0.0,50.0,[estimado]
obleas,"Oblea (harina de trigo, muy delgada, ligeramente dulce)",10,sí,"USDA fdcId=2707981 (Cookie, vanilla wafer)",455.0,325.0,35.07,4.245,"[estimado] proxy: USDA no tiene una oblea colombiana; el wafer de vainilla se acerca más (dulce, crocante) que una galleta salada de centeno"
obleas,Arequipe (dulce de leche),40,sí,USDA fdcId=2705699 (Dulce de leche),315.0,129.0,49.74,4.534,"[estimado] relleno base -- el más tradicional; queso/jalea de mora son variantes, no incluidas"
pinchos,"Carne de res en cubos, a la parrilla",100,sí,"USDA fdcId=174694 (Beef, loin, top sirloin filet, boneless, separable lean only, trimmed to 0"" fat, choice, cooked, grilled)",174.0,59.0,0.0,1.98,"[estimado] proteína base -- pollo es una variante común, no incluida en el cálculo base"
pinchos,Sal,1,sí,USDA fdcId=2162651 (SALT),0.0,39300.0,0.0,0.0,[estimado]
