alimento_codigo,usda_fdcId,usda_descripcion,usda_dataType,usda_foodCategory,usda_url,kcal_100g,sodio_mg_100g,azucares_totales_g_100g,azucares_excluidos_por_fruta_verdura_lacteo,azucares_usados_para_el_umbral_g_100g,criterio_sodio,grasas_sat_g_100g,grasas_trans_g_100g,sellos_activados,nutrientes_no_reportados_por_usda
apple_pie,2288447,APPLE PIE,Branded,"Cakes, Cupcakes, Snack Cakes",https://fdc.nal.usda.gov/food-details/2288447/nutrients,354.0,150.0,27.4,no,27.4,"solo_umbral_absoluto_300mg (plato preparado, ver punto 5 del docstring)",7.96,0.0,"azucares,grasas_saturadas",
baby_back_ribs,1457876,BABY BACK RIBS,Branded,Meat/Poultry/Other Animals  Unprepared/Unprocessed,https://fdc.nal.usda.gov/food-details/1457876/nutrients,170.0,94.0,0.0,no,0.0,"solo_umbral_absoluto_300mg (plato preparado, ver punto 5 del docstring)",3.57,0.0,grasas_saturadas,
baklava,2708044,Baklava,Survey (FNDDS),Cakes and pies,https://fdc.nal.usda.gov/food-details/2708044/nutrients,440.0,311.0,12.8,no,12.8,"solo_umbral_absoluto_300mg (plato preparado, ver punto 5 del docstring)",10.926,0.0,"sodio,azucares,grasas_saturadas",grasas_trans_g
beef_tartare,2706394,Steak tartare,Survey (FNDDS),Meat mixed dishes,https://fdc.nal.usda.gov/food-details/2706394/nutrients,216.0,370.0,0.08,no,0.08,"solo_umbral_absoluto_300mg (plato preparado, ver punto 5 del docstring)",5.796,0.0,"sodio,grasas_saturadas",grasas_trans_g
beet_salad,1922885,BEET SALAD,Branded,Deli Salads,https://fdc.nal.usda.gov/food-details/1922885/nutrients,93.0,97.0,8.81,no,8.81,"solo_umbral_absoluto_300mg (plato preparado, ver punto 5 del docstring)",0.44,0.0,azucares,
beignets,2708071,Beignet,Survey (FNDDS),"Doughnuts, sweet rolls, pastries",https://fdc.nal.usda.gov/food-details/2708071/nutrients,417.0,281.0,31.09,no,31.09,"solo_umbral_absoluto_300mg (plato preparado, ver punto 5 del docstring)",8.403,0.0,"azucares,grasas_saturadas",grasas_trans_g
bibimbap,2708950,"Bibimbap, Korean",Survey (FNDDS),Rice mixed dishes,https://fdc.nal.usda.gov/food-details/2708950/nutrients,76.0,435.0,1.52,no,1.52,"solo_umbral_absoluto_300mg (plato preparado, ver punto 5 del docstring)",0.49,0.0,sodio,grasas_trans_g
bread_pudding,2705680,"Pudding, bread",Survey (FNDDS),Pudding,https://fdc.nal.usda.gov/food-details/2705680/nutrients,156.0,206.0,15.1,no,15.1,"solo_umbral_absoluto_300mg (plato preparado, ver punto 5 del docstring)",1.7,0.0,azucares,grasas_trans_g
breakfast_burrito,170787,"Fast foods, breakfast burrito, with egg, cheese, and sausage",SR Legacy,Fast Foods,https://fdc.nal.usda.gov/food-details/170787/nutrients,277.0,744.0,2.57,no,2.57,"solo_umbral_absoluto_300mg (plato preparado, ver punto 5 del docstring)",6.4,0.201,"sodio,grasas_saturadas",
bruschetta,2707652,Bruschetta,Survey (FNDDS),Vegetable sandwiches/burgers,https://fdc.nal.usda.gov/food-details/2707652/nutrients,171.0,264.0,3.34,sí,0.0,"solo_umbral_absoluto_300mg (plato preparado, ver punto 5 del docstring)",1.227,0.0,ninguno,grasas_trans_g
caesar_salad,1916135,CAESAR SALAD,Branded,"Pickles, Olives, Peppers & Relishes",https://fdc.nal.usda.gov/food-details/1916135/nutrients,190.0,500.0,2.0,no,2.0,"solo_umbral_absoluto_300mg (plato preparado, ver punto 5 del docstring)",3.5,0.0,"sodio,grasas_saturadas",
cannoli,1942720,CANNOLI,Branded,Other Frozen Desserts,https://fdc.nal.usda.gov/food-details/1942720/nutrients,328.0,4.0,39.0,no,39.0,"solo_umbral_absoluto_300mg (plato preparado, ver punto 5 del docstring)",8.42,0.0,"azucares,grasas_saturadas",
caprese_salad,1950083,CAPRESE SALAD,Branded,"Pickles, Olives, Peppers & Relishes",https://fdc.nal.usda.gov/food-details/1950083/nutrients,152.0,251.0,4.71,no,4.71,"solo_umbral_absoluto_300mg (plato preparado, ver punto 5 del docstring)",3.66,0.0,"azucares,grasas_saturadas",
carrot_cake,2707859,"Cake or cupcake, carrot",Survey (FNDDS),Cakes and pies,https://fdc.nal.usda.gov/food-details/2707859/nutrients,374.0,288.0,38.49,no,38.49,"solo_umbral_absoluto_300mg (plato preparado, ver punto 5 del docstring)",3.192,0.0,azucares,grasas_trans_g
ceviche,2706463,Ceviche,Survey (FNDDS),Seafood mixed dishes,https://fdc.nal.usda.gov/food-details/2706463/nutrients,63.0,149.0,1.34,no,1.34,"solo_umbral_absoluto_300mg (plato preparado, ver punto 5 del docstring)",0.159,0.0,ninguno,grasas_trans_g
cheesecake,2057183,CHEESECAKE,Branded,"Cakes, Cupcakes, Snack Cakes",https://fdc.nal.usda.gov/food-details/2057183/nutrients,289.0,331.0,27.5,no,27.5,"solo_umbral_absoluto_300mg (plato preparado, ver punto 5 del docstring)",7.75,0.0,"sodio,azucares,grasas_saturadas",
cheese_plate,167671,"CRACKER BARREL, macaroni n' cheese plate, from kid's menu",SR Legacy,Restaurant Foods,https://fdc.nal.usda.gov/food-details/167671/nutrients,192.0,374.0,2.83,no,2.83,"solo_umbral_absoluto_300mg (plato preparado, ver punto 5 del docstring)",4.2,0.227,"sodio,grasas_saturadas,grasas_trans",
chicken_curry,2706437,Chicken curry,Survey (FNDDS),Poultry mixed dishes,https://fdc.nal.usda.gov/food-details/2706437/nutrients,107.0,376.0,2.56,no,2.56,"solo_umbral_absoluto_300mg (plato preparado, ver punto 5 del docstring)",1.557,0.0,"sodio,grasas_saturadas",grasas_trans_g
chicken_quesadilla,2708593,"Quesadilla, chicken",Survey (FNDDS),Other Mexican mixed dishes,https://fdc.nal.usda.gov/food-details/2708593/nutrients,287.0,601.0,2.15,no,2.15,"solo_umbral_absoluto_300mg (plato preparado, ver punto 5 del docstring)",5.058,0.0,"sodio,grasas_saturadas",grasas_trans_g
chicken_wings,2100942,CHICKEN WINGS,Branded,"Poultry, Chicken & Turkey",https://fdc.nal.usda.gov/food-details/2100942/nutrients,196.0,76.0,0.0,no,0.0,"solo_umbral_absoluto_300mg (plato preparado, ver punto 5 del docstring)",4.46,0.0,grasas_saturadas,azucares_g
chocolate_cake,2707873,"Snack cake, chocolate",Survey (FNDDS),Cakes and pies,https://fdc.nal.usda.gov/food-details/2707873/nutrients,399.0,332.0,37.76,no,37.76,"solo_umbral_absoluto_300mg (plato preparado, ver punto 5 del docstring)",4.884,0.0,"sodio,azucares,grasas_saturadas",grasas_trans_g
chocolate_mousse,168777,"Desserts, mousse, chocolate, prepared-from-recipe",SR Legacy,Sweets,https://fdc.nal.usda.gov/food-details/168777/nutrients,225.0,38.0,14.8,no,14.8,"solo_umbral_absoluto_300mg (plato preparado, ver punto 5 del docstring)",9.15,0.0,"azucares,grasas_saturadas",grasas_trans_g
churros,2708070,Churros,Survey (FNDDS),"Doughnuts, sweet rolls, pastries",https://fdc.nal.usda.gov/food-details/2708070/nutrients,419.0,309.0,23.38,no,23.38,"solo_umbral_absoluto_300mg (plato preparado, ver punto 5 del docstring)",9.247,0.0,"sodio,azucares,grasas_saturadas",grasas_trans_g
clam_chowder,1916483,CLAM CHOWDER,Branded,Other Soups,https://fdc.nal.usda.gov/food-details/1916483/nutrients,118.0,290.0,1.63,no,1.63,"solo_umbral_absoluto_300mg (plato preparado, ver punto 5 del docstring)",5.31,0.0,grasas_saturadas,
club_sandwich,2706995,Club sandwich on wheat,Survey (FNDDS),Deli and cured meat sandwiches,https://fdc.nal.usda.gov/food-details/2706995/nutrients,220.0,765.0,2.56,no,2.56,"solo_umbral_absoluto_300mg (plato preparado, ver punto 5 del docstring)",2.207,0.0,sodio,grasas_trans_g
crab_cakes,2706549,"Crab, cake",Survey (FNDDS),Seafood mixed dishes,https://fdc.nal.usda.gov/food-details/2706549/nutrients,214.0,430.0,0.66,no,0.66,"solo_umbral_absoluto_300mg (plato preparado, ver punto 5 del docstring)",2.472,0.0,"sodio,grasas_saturadas",grasas_trans_g
creme_brulee,2705684,Creme brulee,Survey (FNDDS),Pudding,https://fdc.nal.usda.gov/food-details/2705684/nutrients,113.0,74.0,17.86,no,17.86,"solo_umbral_absoluto_300mg (plato preparado, ver punto 5 del docstring)",1.391,0.0,"azucares,grasas_saturadas",grasas_trans_g
cup_cakes,453429,CUPCAKE,Branded,"Cakes, Cupcakes, Snack Cakes",https://fdc.nal.usda.gov/food-details/453429/nutrients,422.0,242.0,33.6,no,33.6,"solo_umbral_absoluto_300mg (plato preparado, ver punto 5 del docstring)",6.25,0.0,"azucares,grasas_saturadas",
deviled_eggs,2707181,"Egg, deviled",Survey (FNDDS),Eggs and omelets,https://fdc.nal.usda.gov/food-details/2707181/nutrients,198.0,430.0,1.07,no,1.07,"solo_umbral_absoluto_300mg (plato preparado, ver punto 5 del docstring)",3.948,0.0,"sodio,grasas_saturadas",grasas_trans_g
donuts,2055870,DONUTS,Branded,"Cakes, Cupcakes, Snack Cakes",https://fdc.nal.usda.gov/food-details/2055870/nutrients,404.0,351.0,42.1,no,42.1,"solo_umbral_absoluto_300mg (plato preparado, ver punto 5 del docstring)",7.89,0.0,"sodio,azucares,grasas_saturadas",
dumplings,2708344,"Dumpling, no meat",Survey (FNDDS),"Biscuits, muffins, quick breads",https://fdc.nal.usda.gov/food-details/2708344/nutrients,125.0,428.0,1.23,no,1.23,"solo_umbral_absoluto_300mg (plato preparado, ver punto 5 del docstring)",0.959,0.0,sodio,grasas_trans_g
edamame,2550119,EDAMAME,Branded,Frozen Vegetables,https://fdc.nal.usda.gov/food-details/2550119/nutrients,106.0,6.0,2.35,sí,0.0,"solo_umbral_absoluto_300mg (plato preparado, ver punto 5 del docstring)",0.0,0.0,ninguno,
eggs_benedict,2707180,"Egg, Benedict",Survey (FNDDS),Eggs and omelets,https://fdc.nal.usda.gov/food-details/2707180/nutrients,288.0,468.0,1.17,no,1.17,"solo_umbral_absoluto_300mg (plato preparado, ver punto 5 del docstring)",10.251,0.0,"sodio,grasas_saturadas",grasas_trans_g
escargots,2706368,Escargot,Survey (FNDDS),Shellfish,https://fdc.nal.usda.gov/food-details/2706368/nutrients,158.0,287.0,0.0,no,0.0,"solo_umbral_absoluto_300mg (plato preparado, ver punto 5 del docstring)",1.14,0.0,ninguno,grasas_trans_g
falafel,2707408,Falafel,Survey (FNDDS),"Bean, pea, legume dishes",https://fdc.nal.usda.gov/food-details/2707408/nutrients,514.0,499.0,4.52,no,4.52,"solo_umbral_absoluto_300mg (plato preparado, ver punto 5 del docstring)",5.427,0.0,sodio,grasas_trans_g
filet_mignon,2068002,FILET MIGNON,Branded,Other Meats,https://fdc.nal.usda.gov/food-details/2068002/nutrients,196.0,393.0,0.0,no,0.0,"solo_umbral_absoluto_300mg (plato preparado, ver punto 5 del docstring)",5.36,0.0,"sodio,grasas_saturadas",
foie_gras,171100,"Pate de foie gras, canned (goose liver pate), smoked",SR Legacy,Poultry Products,https://fdc.nal.usda.gov/food-details/171100/nutrients,462.0,697.0,0.0,no,0.0,"solo_umbral_absoluto_300mg (plato preparado, ver punto 5 del docstring)",14.4,0.0,"sodio,grasas_saturadas","azucares_g,grasas_trans_g"
french_fries,2709458,"Potato, french fries, from fresh, fried",Survey (FNDDS),French fries and other fried white potatoes,https://fdc.nal.usda.gov/food-details/2709458/nutrients,198.0,141.0,1.25,no,1.25,"solo_umbral_absoluto_300mg (plato preparado, ver punto 5 del docstring)",1.763,0.0,ninguno,grasas_trans_g
french_onion_soup,2710108,"Soup, French onion",Survey (FNDDS),"Soups, cream-based",https://fdc.nal.usda.gov/food-details/2710108/nutrients,108.0,378.0,2.49,no,2.49,"solo_umbral_absoluto_300mg (plato preparado, ver punto 5 del docstring)",2.366,0.0,"sodio,grasas_saturadas",grasas_trans_g
french_toast,2708338,French toast sticks,Survey (FNDDS),"Pancakes, waffles, French toast",https://fdc.nal.usda.gov/food-details/2708338/nutrients,278.0,535.0,12.86,no,12.86,"solo_umbral_absoluto_300mg (plato preparado, ver punto 5 del docstring)",1.684,0.0,"sodio,azucares",grasas_trans_g
fried_calamari,2706334,"Calamari, fried",Survey (FNDDS),Shellfish,https://fdc.nal.usda.gov/food-details/2706334/nutrients,234.0,377.0,0.2,no,0.2,"solo_umbral_absoluto_300mg (plato preparado, ver punto 5 del docstring)",1.935,0.0,sodio,grasas_trans_g
fried_rice,2708951,"Rice, fried, meatless",Survey (FNDDS),Fried rice and lo/chow mein,https://fdc.nal.usda.gov/food-details/2708951/nutrients,174.0,361.0,0.62,no,0.62,"solo_umbral_absoluto_300mg (plato preparado, ver punto 5 del docstring)",0.493,0.0,sodio,grasas_trans_g
frozen_yogurt,2705456,Frozen yogurt sandwich,Survey (FNDDS),Ice cream and frozen dairy desserts,https://fdc.nal.usda.gov/food-details/2705456/nutrients,204.0,192.0,24.3,no,24.3,"solo_umbral_absoluto_300mg (plato preparado, ver punto 5 del docstring)",2.805,0.0,"azucares,grasas_saturadas",grasas_trans_g
garlic_bread,2707626,"Garlic bread, NFS",Survey (FNDDS),Yeast breads,https://fdc.nal.usda.gov/food-details/2707626/nutrients,349.0,620.0,3.68,no,3.68,"solo_umbral_absoluto_300mg (plato preparado, ver punto 5 del docstring)",5.27,0.0,"sodio,grasas_saturadas",grasas_trans_g
gnocchi,2708721,"Gnocchi, cheese",Survey (FNDDS),"Pasta mixed dishes, excludes macaroni and cheese",https://fdc.nal.usda.gov/food-details/2708721/nutrients,178.0,263.0,0.14,no,0.14,"solo_umbral_absoluto_300mg (plato preparado, ver punto 5 del docstring)",4.344,0.0,grasas_saturadas,grasas_trans_g
greek_salad,1931800,GREEK SALAD,Branded,"Pickles, Olives, Peppers & Relishes",https://fdc.nal.usda.gov/food-details/1931800/nutrients,66.0,439.0,1.25,no,1.25,"solo_umbral_absoluto_300mg (plato preparado, ver punto 5 del docstring)",0.78,0.0,"sodio,grasas_saturadas",
grilled_cheese_sandwich,2705801,"Grilled cheese sandwich, NFS",Survey (FNDDS),Cheese sandwiches,https://fdc.nal.usda.gov/food-details/2705801/nutrients,343.0,822.0,4.51,no,4.51,"solo_umbral_absoluto_300mg (plato preparado, ver punto 5 del docstring)",9.999,0.0,"sodio,grasas_saturadas",grasas_trans_g
grilled_salmon,2706287,"Fish, salmon, grilled",Survey (FNDDS),Fish,https://fdc.nal.usda.gov/food-details/2706287/nutrients,259.0,288.0,0.0,no,0.0,"solo_umbral_absoluto_300mg (plato preparado, ver punto 5 del docstring)",3.764,0.0,grasas_saturadas,grasas_trans_g
guacamole,2642367,GUACAMOLE,Branded,Dips & Salsa,https://fdc.nal.usda.gov/food-details/2642367/nutrients,200.0,500.0,0.0,no,0.0,"solo_umbral_absoluto_300mg (plato preparado, ver punto 5 del docstring)",3.33,0.0,"sodio,grasas_saturadas","azucares_g,grasas_trans_g"
gyoza,1913714,GYOZA SHRIMP,Branded,Frozen Appetizers & Hors D'oeuvres,https://fdc.nal.usda.gov/food-details/1913714/nutrients,151.0,183.0,2.38,no,2.38,"solo_umbral_absoluto_300mg (plato preparado, ver punto 5 del docstring)",1.59,0.0,ninguno,
hamburger,2706924,Hamburger (McDonalds),Survey (FNDDS),Burgers,https://fdc.nal.usda.gov/food-details/2706924/nutrients,263.0,487.0,5.95,no,5.95,"solo_umbral_absoluto_300mg (plato preparado, ver punto 5 del docstring)",3.567,0.0,"sodio,grasas_saturadas",grasas_trans_g
hot_and_sour_soup,2707136,"Soup, hot and sour",Survey (FNDDS),Ramen and Asian broth-based soups,https://fdc.nal.usda.gov/food-details/2707136/nutrients,39.0,376.0,0.42,no,0.42,"solo_umbral_absoluto_300mg (plato preparado, ver punto 5 del docstring)",0.229,0.0,sodio,grasas_trans_g
hot_dog,2707470,"Hot dog, vegetarian",Survey (FNDDS),Soy and meat-alternative products,https://fdc.nal.usda.gov/food-details/2707470/nutrients,233.0,471.0,0.0,no,0.0,"solo_umbral_absoluto_300mg (plato preparado, ver punto 5 del docstring)",1.653,0.0,sodio,grasas_trans_g
huevos_rancheros,2707191,Huevos rancheros,Survey (FNDDS),Eggs and omelets,https://fdc.nal.usda.gov/food-details/2707191/nutrients,121.0,418.0,2.26,no,2.26,"solo_umbral_absoluto_300mg (plato preparado, ver punto 5 del docstring)",1.691,0.0,"sodio,grasas_saturadas",grasas_trans_g
hummus,1886359,HUMMUS,Branded,Dips & Salsa,https://fdc.nal.usda.gov/food-details/1886359/nutrients,321.0,464.0,3.57,no,3.57,"solo_umbral_absoluto_300mg (plato preparado, ver punto 5 del docstring)",3.57,0.0,"sodio,grasas_saturadas",
ice_cream,2100807,ICE CREAM,Branded,Ice Cream & Frozen Yogurt,https://fdc.nal.usda.gov/food-details/2100807/nutrients,200.0,54.0,21.5,no,21.5,"solo_umbral_absoluto_300mg (plato preparado, ver punto 5 del docstring)",6.15,0.0,"azucares,grasas_saturadas",
lasagna,2708750,Lasagna with meat,Survey (FNDDS),"Pasta mixed dishes, excludes macaroni and cheese",https://fdc.nal.usda.gov/food-details/2708750/nutrients,139.0,390.0,3.33,no,3.33,"solo_umbral_absoluto_300mg (plato preparado, ver punto 5 del docstring)",2.322,0.0,"sodio,grasas_saturadas",grasas_trans_g
lobster_bisque,1859121,LOBSTER BISQUE,Branded,Other Soups,https://fdc.nal.usda.gov/food-details/1859121/nutrients,147.0,327.0,2.45,no,2.45,"solo_umbral_absoluto_300mg (plato preparado, ver punto 5 del docstring)",7.35,0.0,"sodio,grasas_saturadas",
lobster_roll_sandwich,2270118,"LOBSTER ROLLS, LOBSTER",Branded,Breads & Buns,https://fdc.nal.usda.gov/food-details/2270118/nutrients,271.0,344.0,6.25,no,6.25,"solo_umbral_absoluto_300mg (plato preparado, ver punto 5 del docstring)",1.04,0.0,sodio,
macaroni_and_cheese,2708811,Macaroni or noodles with cheese,Survey (FNDDS),Macaroni and cheese,https://fdc.nal.usda.gov/food-details/2708811/nutrients,223.0,358.0,2.44,no,2.44,"solo_umbral_absoluto_300mg (plato preparado, ver punto 5 del docstring)",5.15,0.0,"sodio,grasas_saturadas",grasas_trans_g
macarons,577342,MACARONS,Branded,Cookies & Biscuits,https://fdc.nal.usda.gov/food-details/577342/nutrients,467.0,80.0,50.0,no,50.0,"solo_umbral_absoluto_300mg (plato preparado, ver punto 5 del docstring)",8.33,0.0,"azucares,grasas_saturadas",
miso_soup,2707455,"Soup, miso or tofu",Survey (FNDDS),Ramen and Asian broth-based soups,https://fdc.nal.usda.gov/food-details/2707455/nutrients,24.0,467.0,0.77,no,0.77,"solo_umbral_absoluto_300mg (plato preparado, ver punto 5 del docstring)",0.154,0.0,"sodio,azucares",grasas_trans_g
mussels,2706350,Mussels,Survey (FNDDS),Shellfish,https://fdc.nal.usda.gov/food-details/2706350/nutrients,109.0,362.0,0.0,no,0.0,"solo_umbral_absoluto_300mg (plato preparado, ver punto 5 del docstring)",0.538,0.0,sodio,grasas_trans_g
nachos,2708580,"Nachos, chicken",Survey (FNDDS),Nachos,https://fdc.nal.usda.gov/food-details/2708580/nutrients,242.0,430.0,0.32,no,0.32,"solo_umbral_absoluto_300mg (plato preparado, ver punto 5 del docstring)",2.738,0.0,"sodio,grasas_saturadas",grasas_trans_g
omelette,2068685,SPINACH & MUSHROOM OMELETTE STARTER,Branded,Pre-Packaged Fruit & Vegetables,https://fdc.nal.usda.gov/food-details/2068685/nutrients,24.0,29.0,2.35,sí,0.0,"solo_umbral_absoluto_300mg (plato preparado, ver punto 5 del docstring)",0.0,0.0,ninguno,
onion_rings,1904109,ONION RINGS,Branded,Other Snacks,https://fdc.nal.usda.gov/food-details/1904109/nutrients,500.0,1000.0,3.57,no,3.57,"solo_umbral_absoluto_300mg (plato preparado, ver punto 5 del docstring)",12.5,0.0,"sodio,grasas_saturadas",
oysters,2708160,"Crackers, oyster",Survey (FNDDS),Saltine crackers,https://fdc.nal.usda.gov/food-details/2708160/nutrients,418.0,941.0,1.29,no,1.29,"solo_umbral_absoluto_300mg (plato preparado, ver punto 5 del docstring)",1.653,0.0,sodio,grasas_trans_g
pad_thai,2708806,Pad Thai with chicken,Survey (FNDDS),Fried rice and lo/chow mein,https://fdc.nal.usda.gov/food-details/2708806/nutrients,154.0,384.0,4.06,no,4.06,"solo_umbral_absoluto_300mg (plato preparado, ver punto 5 del docstring)",1.303,0.0,"sodio,azucares",grasas_trans_g
paella,2706711,Paella with seafood,Survey (FNDDS),Rice mixed dishes,https://fdc.nal.usda.gov/food-details/2706711/nutrients,143.0,609.0,0.92,no,0.92,"solo_umbral_absoluto_300mg (plato preparado, ver punto 5 del docstring)",1.005,0.0,sodio,grasas_trans_g
pancakes,2708343,Chinese pancake,Survey (FNDDS),"Pancakes, waffles, French toast",https://fdc.nal.usda.gov/food-details/2708343/nutrients,207.0,5.0,0.07,no,0.07,"solo_umbral_absoluto_300mg (plato preparado, ver punto 5 del docstring)",0.102,0.0,ninguno,grasas_trans_g
panna_cotta,2059670,"GELATO, PANNA COTTA",Branded,Other Frozen Desserts,https://fdc.nal.usda.gov/food-details/2059670/nutrients,220.0,75.0,29.0,no,29.0,"solo_umbral_absoluto_300mg (plato preparado, ver punto 5 del docstring)",8.0,0.0,"azucares,grasas_saturadas",grasas_trans_g
peking_duck,2706141,"Duck, Peking",Survey (FNDDS),"Turkey, duck, other poultry",https://fdc.nal.usda.gov/food-details/2706141/nutrients,154.0,287.0,4.41,no,4.41,"solo_umbral_absoluto_300mg (plato preparado, ver punto 5 del docstring)",3.093,0.0,"azucares,grasas_saturadas",grasas_trans_g
pho,2707124,"Soup, pho, with meat",Survey (FNDDS),Ramen and Asian broth-based soups,https://fdc.nal.usda.gov/food-details/2707124/nutrients,77.0,365.0,0.46,no,0.46,"solo_umbral_absoluto_300mg (plato preparado, ver punto 5 del docstring)",1.278,0.0,"sodio,grasas_saturadas",grasas_trans_g
pizza,2036440,PIZZA,Branded,Pizza,https://fdc.nal.usda.gov/food-details/2036440/nutrients,238.0,401.0,2.04,no,2.04,"solo_umbral_absoluto_300mg (plato preparado, ver punto 5 del docstring)",3.06,0.0,"sodio,grasas_saturadas",
pork_chop,2705872,"Pork, chop, stuffed",Survey (FNDDS),Meat mixed dishes,https://fdc.nal.usda.gov/food-details/2705872/nutrients,190.0,414.0,0.0,no,0.0,"solo_umbral_absoluto_300mg (plato preparado, ver punto 5 del docstring)",2.668,0.0,"sodio,grasas_saturadas",grasas_trans_g
poutine,2669381,"POUTINE MACARONI AND CHEESE, POUTINE",Branded,Pasta Dinners,https://fdc.nal.usda.gov/food-details/2669381/nutrients,379.0,1140.0,12.1,no,12.1,"solo_umbral_absoluto_300mg (plato preparado, ver punto 5 del docstring)",5.17,0.17,"sodio,azucares,grasas_saturadas",
prime_rib,169514,"Beef, rib, small end (ribs 10-12), separable lean and fat, trimmed to 1/8"" fat, prime, raw",SR Legacy,Beef Products,https://fdc.nal.usda.gov/food-details/169514/nutrients,335.0,53.0,0.0,no,0.0,"solo_umbral_absoluto_300mg (plato preparado, ver punto 5 del docstring)",12.1,0.0,grasas_saturadas,"azucares_g,grasas_trans_g"
pulled_pork_sandwich,2090206,PREMIUM PULLED PORK SANDWICHES,Branded,Frozen Appetizers & Hors D'oeuvres,https://fdc.nal.usda.gov/food-details/2090206/nutrients,188.0,750.0,9.38,no,9.38,"solo_umbral_absoluto_300mg (plato preparado, ver punto 5 del docstring)",0.0,0.0,"sodio,azucares",
ramen,2709154,Ramen bowl with beef,Survey (FNDDS),Ramen and Asian broth-based soups,https://fdc.nal.usda.gov/food-details/2709154/nutrients,137.0,353.0,0.44,no,0.44,"solo_umbral_absoluto_300mg (plato preparado, ver punto 5 del docstring)",1.328,0.0,sodio,grasas_trans_g
ravioli,173328,"Ravioli, cheese-filled, canned",SR Legacy,"Meals, Entrees, and Side Dishes",https://fdc.nal.usda.gov/food-details/173328/nutrients,77.0,306.0,3.72,no,3.72,"solo_umbral_absoluto_300mg (plato preparado, ver punto 5 del docstring)",0.723,0.0,"sodio,azucares",grasas_trans_g
red_velvet_cake,2441277,RED VELVET CAKE,Branded,"Snack, Energy & Granola Bars",https://fdc.nal.usda.gov/food-details/2441277/nutrients,312.0,109.0,0.0,no,0.0,"solo_umbral_absoluto_300mg (plato preparado, ver punto 5 del docstring)",6.25,0.0,grasas_saturadas,grasas_trans_g
risotto,777970,RISOTTO,Branded,Rice,https://fdc.nal.usda.gov/food-details/777970/nutrients,157.0,1430.0,1.43,no,1.43,"solo_umbral_absoluto_300mg (plato preparado, ver punto 5 del docstring)",1.43,0.0,sodio,
samosa,2708730,Samosa,Survey (FNDDS),Turnovers and other grain-based items,https://fdc.nal.usda.gov/food-details/2708730/nutrients,310.0,388.0,1.28,no,1.28,"solo_umbral_absoluto_300mg (plato preparado, ver punto 5 del docstring)",4.406,0.0,"sodio,grasas_saturadas",grasas_trans_g
sashimi,2196025,SASHIMI,Branded,Sushi,https://fdc.nal.usda.gov/food-details/2196025/nutrients,102.0,252.0,0.0,no,0.0,"solo_umbral_absoluto_300mg (plato preparado, ver punto 5 del docstring)",0.0,0.0,ninguno,azucares_g
scallops,2706359,"Scallops, fried",Survey (FNDDS),Shellfish,https://fdc.nal.usda.gov/food-details/2706359/nutrients,217.0,466.0,0.2,no,0.2,"solo_umbral_absoluto_300mg (plato preparado, ver punto 5 del docstring)",1.76,0.0,sodio,grasas_trans_g
seaweed_salad,1935825,SEAWEED SALAD,Branded,Deli Salads,https://fdc.nal.usda.gov/food-details/1935825/nutrients,125.0,2960.0,32.1,no,32.1,"solo_umbral_absoluto_300mg (plato preparado, ver punto 5 del docstring)",0.0,0.0,"sodio,azucares",
shrimp_and_grits,2509825,SHRIMP AND GRITS,Branded,Other Deli,https://fdc.nal.usda.gov/food-details/2509825/nutrients,126.0,220.0,2.62,no,2.62,"solo_umbral_absoluto_300mg (plato preparado, ver punto 5 del docstring)",3.14,0.0,grasas_saturadas,
spaghetti_bolognese,2145004,"VEGAN SPAGHETTI BOLOGNESE PLANT BASED NOODLES, VEGAN SPAGHETTI BOLOGNESE",Branded,"Entrees, Sides & Small Meals",https://fdc.nal.usda.gov/food-details/2145004/nutrients,32.0,200.0,0.71,no,0.71,"solo_umbral_absoluto_300mg (plato preparado, ver punto 5 del docstring)",0.71,0.0,grasas_saturadas,
spaghetti_carbonara,356547,CREAMY CARBONARA SPAGHETTI,Branded,Pasta Dinners,https://fdc.nal.usda.gov/food-details/356547/nutrients,400.0,940.0,2.0,no,2.0,"solo_umbral_absoluto_300mg (plato preparado, ver punto 5 del docstring)",6.0,0.0,"sodio,grasas_saturadas",
spring_rolls,2626544,SPRING ROLL,Branded,Other Deli,https://fdc.nal.usda.gov/food-details/2626544/nutrients,159.0,214.0,9.52,no,9.52,"solo_umbral_absoluto_300mg (plato preparado, ver punto 5 del docstring)",0.0,0.0,azucares,
steak,2706747,Pepper steak,Survey (FNDDS),Meat mixed dishes,https://fdc.nal.usda.gov/food-details/2706747/nutrients,145.0,244.0,1.67,no,1.67,"solo_umbral_absoluto_300mg (plato preparado, ver punto 5 del docstring)",2.012,0.0,grasas_saturadas,grasas_trans_g
strawberry_shortcake,2707896,"Cake, strawberry shortcake",Survey (FNDDS),Cakes and pies,https://fdc.nal.usda.gov/food-details/2707896/nutrients,214.0,313.0,25.89,no,25.89,"solo_umbral_absoluto_300mg (plato preparado, ver punto 5 del docstring)",2.477,0.0,"sodio,azucares,grasas_saturadas",grasas_trans_g
sushi,2708959,"Sushi, NFS",Survey (FNDDS),"Egg rolls, dumplings, sushi",https://fdc.nal.usda.gov/food-details/2708959/nutrients,94.0,428.0,2.13,no,2.13,"solo_umbral_absoluto_300mg (plato preparado, ver punto 5 del docstring)",0.133,0.0,sodio,grasas_trans_g
tacos,2708529,"Taco, fish",Survey (FNDDS),Burritos and tacos,https://fdc.nal.usda.gov/food-details/2708529/nutrients,275.0,447.0,0.43,no,0.43,"solo_umbral_absoluto_300mg (plato preparado, ver punto 5 del docstring)",2.383,0.0,sodio,grasas_trans_g
tiramisu,2705702,Tiramisu,Survey (FNDDS),Cakes and pies,https://fdc.nal.usda.gov/food-details/2705702/nutrients,353.0,173.0,18.7,no,18.7,"solo_umbral_absoluto_300mg (plato preparado, ver punto 5 del docstring)",13.284,0.0,"azucares,grasas_saturadas",grasas_trans_g
waffles,2708327,"Waffle, chocolate",Survey (FNDDS),"Pancakes, waffles, French toast",https://fdc.nal.usda.gov/food-details/2708327/nutrients,437.0,517.0,19.04,no,19.04,"solo_umbral_absoluto_300mg (plato preparado, ver punto 5 del docstring)",7.824,0.0,"sodio,azucares,grasas_saturadas",grasas_trans_g
soda,174852,"Beverages, carbonated, cola, regular",SR Legacy,Beverages,https://fdc.nal.usda.gov/food-details/174852/nutrients,42.0,3.0,9.94,no,9.94,tabla_17_completa (producto envasado),0.0,0.0,azucares,
frutas,2709215,"Apple, raw",Survey (FNDDS),Apples,https://fdc.nal.usda.gov/food-details/2709215/nutrients,61.0,0.0,12.08,sí,0.0,"solo_umbral_absoluto_300mg (plato preparado, ver punto 5 del docstring)",0.028,0.0,ninguno,grasas_trans_g
snacks_empacados,2430813,POTATO CHIPS,Branded,"Chips, Pretzels & Snacks",https://fdc.nal.usda.gov/food-details/2430813/nutrients,571.0,482.0,0.0,no,0.0,tabla_17_completa (producto envasado),3.57,0.0,sodio,
