alimento_codigo,fuente_tipo,usda_fdcId,usda_descripcion,usda_dataType,usda_url,nota_proxy,kcal_100g,sodio_mg_100g,azucares_g_100g,grasas_sat_g_100g,sellos_activados
nucita,usda_generico_categoria,2710289,Chocolate hazelnut spread,Survey (FNDDS),https://fdc.nal.usda.gov/food-details/2710289/nutrients,Proxy genérico: crema de chocolate/avellana tipo USDA -- Nucita no existe en la base de datos de USDA (marca colombiana).,539.0,41.0,54.05,28.423,"azucares,grasas_saturadas"
barrilete,usda_generico_categoria,2710371,Chewing gum,Survey (FNDDS),https://fdc.nal.usda.gov/food-details/2710371/nutrients,"Proxy genérico: chicle tipo USDA (la búsqueda 'bubble gum' emparejaba con una goma sin azúcar de 0 kcal) -- Barrilete es marca colombiana, no está en USDA.",360.0,1.0,66.08,0.042,azucares
quipitos,usda_generico_categoria,167949,"Snacks, corn-based, extruded, puffs or twists, cheese-flavor",SR Legacy,https://fdc.nal.usda.gov/food-details/167949/nutrients,"Proxy genérico: snack de maíz extruido sabor queso -- Quipitos es marca colombiana, no está en USDA.",567.0,928.0,3.57,3.75,sodio
chororamo,usda_generico_categoria,2707873,"Snack cake, chocolate",Survey (FNDDS),https://fdc.nal.usda.gov/food-details/2707873/nutrients,"Proxy genérico: ponqué/pastel de chocolate tipo USDA -- Chocoramo (Ramo) es marca colombiana, no está en USDA.",399.0,332.0,37.76,4.884,"sodio,azucares,grasas_saturadas"
supercoco,usda_generico_categoria,2710343,"Chocolate candy, coconut filled",Survey (FNDDS),https://fdc.nal.usda.gov/food-details/2710343/nutrients,"Proxy genérico: dulce de coco tipo USDA -- Super Coco es marca colombiana (Colombina), no está en USDA.",500.0,138.0,44.1,19.74,"azucares,grasas_saturadas"
bonbonbum,usda_generico_categoria,2508414,HARD CANDY LOLLIPOP,Branded,https://fdc.nal.usda.gov/food-details/2508414/nutrients,"Proxy genérico: chupeta/paleta de dulce duro -- no incluye el centro de chicle (calorías algo subestimadas), Bon Bon Bum no está en USDA.",393.0,0.0,82.1,0.0,azucares
chocolatinas,usda_generico_categoria,167587,"Candies, milk chocolate",SR Legacy,https://fdc.nal.usda.gov/food-details/167587/nutrients,Proxy genérico: chocolate de leche tipo USDA (ej. Jet) -- ninguna chocolatina colombiana específica está en USDA.,535.0,79.0,51.5,18.5,"azucares,grasas_saturadas"
gaseosas_bebidas_azucaradas,usda_generico_categoria,174852,"Beverages, carbonated, cola, regular",SR Legacy,https://fdc.nal.usda.gov/food-details/174852/nutrients,"Proxy genérico de categoría (cola regular) -- representa la familia de gaseosas, no una marca específica.",42.0,3.0,9.94,0.0,azucares
frituras_empaquetadas,usda_generico_categoria,2430813,POTATO CHIPS,Branded,https://fdc.nal.usda.gov/food-details/2430813/nutrients,"Proxy genérico de categoría (papas fritas de paquete) -- representa la familia de frituras empaquetadas, no una marca específica.",571.0,482.0,0.0,3.57,sodio
