"# CONTENIDO GENERADO CON IA, REVISADO POR ISABELLA, SIN VERIFICACIÓN INDIVIDUAL CONTRA UNA FUENTE CIENTÍFICA. Son datos de conocimiento general sobre cada alimento (tono, afirmaciones de salud y cifras tuvieron una segunda pasada de calidad), no citas científicas: no los presentes como evidencia."
"# Una fila por alimento: alimento_codigo,dato_curioso. Se cargan en tabla_alimentos.dato_curioso con: python3 herramientas/cargar_datos_curiosos.py (ver README.md)."
"# 8 oct 2026: se agregaron 45 filas reescritas por Isabella. 9 oct 2026: en el dato de las gaseosas, «cantidad máxima» pasó a «cantidad ideal» (decisión de Isabella)."
alimento_codigo,dato_curioso
arepa,"La arepa es tan antigua que ya la comían los pueblos indígenas de la región andina y el Caribe antes de la llegada de los españoles, mucho antes de que existiera el maíz precocido en bolsa."
aromatica,"Una aromática de hierbas frescas (sin azúcar) prácticamente no tiene calorías, por eso es una de las bebidas calientes más elegidas para acompañar sin sumar energía extra al día."
baby_back_ribs,"Las ""baby back ribs"" no son de cerdos bebés: el nombre viene de que son más cortas y curvas que otras costillas, ubicadas cerca del lomo del animal."
banano,"El banano no crece en un árbol de verdad: la planta es técnicamente una hierba gigante, la más grande del mundo sin tronco leñoso."
barrilete,"El chicle del Barrilete no se digiere como otros alimentos: el cuerpo no puede descomponer la goma base, por eso siempre se recomienda no tragarlo."
bonbonbum,"El Bon Bon Bum colombiano combina dos texturas en un solo dulce: chupeta por fuera y chicle relleno por dentro, algo poco común en el mundo de las golosinas."
bread_pudding,"El budín de pan nació como una forma inteligente de aprovechar pan duro que ya no se podía comer solo, mezclándolo con leche, huevo y azúcar para darle una segunda vida."
breakfast_burrito,El breakfast burrito es una creación mexicana-estadounidense: nació en el suroeste de EE.UU. combinando la tortilla de harina con ingredientes típicos del desayuno americano como huevo y tocineta.
cannoli,"Los cannoli sicilianos se rellenan justo antes de servir a propósito: si se rellenan con mucha anticipación, la masa crocante se humedece y pierde su textura característica."
ceviche,"El ceviche no se cocina con calor: el ácido del limón o la lima ""cocina"" el pescado desnaturalizando sus proteínas, un proceso químico y no térmico."
cheese_plate,"Un plato de quesos variados puede combinar quesos con meses o incluso años de maduración, tiempo durante el cual bacterias y mohos específicos transforman su sabor y textura."
chicharron,"El chicharrón crocante se logra gracias a que el calor evapora casi toda el agua de la piel del cerdo, dejando solo grasa y colágeno que se vuelven burbujas doradas."
chicken_curry,"La palabra ""curry"" no describe una sola receta sino una familia enorme de platos con especias, y cada región de India o el sudeste asiático tiene su propia mezcla."
chicken_quesadilla,"La quesadilla debe su nombre al queso (""queso"" + ""-illa""), aunque en algunas regiones de México tradicionalmente se preparaban sin él."
chocolate_cake,"El cacao para el chocolate se cultiva casi exclusivamente cerca del Ecuador, en una franja estrecha donde el clima cálido y húmedo es ideal para el árbol de cacao."
chocolate_mousse,"La palabra ""mousse"" significa ""espuma"" en francés, justo la textura que se busca al batir aire dentro de la mezcla de chocolate."
churros,"Existe una teoría de que los churros los inventaron pastores españoles que necesitaban un pan fácil de freír en fogatas al aire libre, de ahí su forma alargada y simple."
clam_chowder,"La sopa de almejas tipo Nueva Inglaterra debe su textura cremosa a la leche o crema, mientras que la versión Manhattan usa tomate y no lleva nada de lácteos."
club_sandwich,El sándwich club se distingue por sus tres capas de pan: la del medio existe solo para separar los rellenos y evitar que el sándwich se vuelva un desastre al morderlo.
crab_cakes,"Los pasteles de cangrejo son un plato clásico de Maryland (EE.UU.), una región famosa por su abundante pesca de cangrejo azul en la bahía de Chesapeake."
creme_brulee,"La capa crocante de la crème brûlée se hace quemando azúcar con un soplete justo antes de servir, un proceso llamado caramelización que solo toma segundos."
cuy,"El cuy asado es un plato ancestral de los Andes que se consume desde hace miles de años en Ecuador, Perú, Bolivia y el sur de Colombia."
donuts,El agujero de la dona no siempre existió: se dice que un capitán de barco estadounidense empezó a hacerle un hueco en el centro para que se cocinara más parejo por dentro.
dumplings,"Casi todas las culturas del mundo tienen su propia versión de masa rellena y doblada, desde los dumplings chinos hasta los raviolis italianos o las empanadas colombianas."
edamame,"El edamame son en realidad granos de soya cosechados todavía verdes e inmaduros, antes de que se sequen y se conviertan en la soya amarilla que se usa para otros productos."
eggs_benedict,"Los huevos benedictinos combinan una salsa holandesa hecha a base de yema de huevo y mantequilla emulsionadas, una de las salsas más delicadas de preparar en la cocina clásica."
empanada_anejo,"La empanada es uno de los alimentos con más versiones en Latinoamérica: cada país, e incluso cada región dentro de un mismo país, tiene su propia receta de masa y relleno."
escargots,"Comer caracoles (escargots) es una tradición francesa que se remonta a la Antigua Roma, donde ya se criaban caracoles en granjas especiales para la mesa."
falafel,"El falafel se fríe en aceite bien caliente para que quede crocante por fuera y suave por dentro, y tradicionalmente se hace con garbanzos o habas crudas remojadas, nunca cocidas."
filet_mignon,"El filet mignon viene de una parte del lomo que casi no trabaja durante la vida del animal, por eso es uno de los cortes de res más tiernos que existen."
french_toast,"Las tostadas francesas tienen versiones documentadas desde el Imperio Romano, mucho antes de que existiera Francia como país, usando pan remojado en huevo y leche para no desperdiciarlo."
fresa,"Botánicamente la fresa no es una fruta sino un ""fruto falso"": lo que comemos es en realidad el tallo hinchado de la planta, y las verdaderas frutas son esos puntitos amarillos de la superficie."
fresas_crema,"Fresas con crema es uno de los postres más simples de la gastronomía, pero su combinación de dulce, ácido y cremoso lo ha hecho popular en decenas de países distintos."
fried_calamari,"Los calamares fritos se deben cocinar muy rápido o muy lento: en un punto intermedio se vuelven duros como caucho, por eso los chefs los fríen apenas unos segundos."
fried_rice,"El arroz frito se prepara mejor con arroz del día anterior, ya frío y seco, porque el arroz recién hecho tiene demasiada humedad y se apelmaza en el sartén."
frito,"El frito pastuso es un plato típico del sur de Colombia que combina distintas carnes de cerdo fritas, y suele acompañarse con mote y papa, típico de la cocina nariñense."
frozen_yogurt,"El yogur helado se hace con los mismos cultivos vivos de bacterias que el yogur normal, aunque el proceso de congelado reduce parte de esas bacterias activas."
frutas,"Comer frutas de distintos colores ayuda a variar los tipos de nutrientes que se obtienen, ya que el color de una fruta suele estar relacionado con los compuestos que contiene."
garlic_bread,"El pan de ajo como lo conocemos hoy (con mantequilla y ajo horneado) se popularizó en Estados Unidos gracias a inmigrantes italianos, aunque no es un plato tradicional de Italia."
gnocchi,"Los ñoquis (gnocchi) tradicionales se hacen con papa, y para saber si la masa quedó en su punto los cocineros italianos suelen probar hirviendo uno primero: si flota, están listos."
greek_salad,"La ensalada griega auténtica no lleva lechuga: se basa en tomate, pepino, cebolla, aceitunas y queso feta, siempre bañada en aceite de oliva."
grilled_salmon,"El salmón puede nadar contra la corriente miles de kilómetros para regresar al río donde nació y así reproducirse, un viaje que le exige una enorme reserva de energía y grasa."
guacamole,"El guacamole viene del náhuatl ""ahuacamolli"", que significa literalmente ""salsa de aguacate"", una palabra que usaban los aztecas siglos antes de la llegada de los españoles."
gyoza,"El gyoza japonés es en realidad una adaptación de los dumplings chinos jiaozi, que llegaron a Japón y con el tiempo desarrollaron su propio estilo más delgado y crocante."
hamburger,"La hamburguesa debe su nombre a la ciudad alemana de Hamburgo, de donde salieron muchos inmigrantes que llevaron su costumbre de comer carne molida a Estados Unidos."
hornado,El hornado es un plato típico de los Andes ecuatorianos y del sur de Colombia hecho con cerdo entero asado durante horas hasta que la piel queda extra crocante.
hot_and_sour_soup,"La sopa agripicante combina intencionalmente dos sabores opuestos, ácido y picante, un contraste muy valorado en la cocina tradicional china de la región de Sichuan."
huevo,"Un huevo de gallina contiene todo lo necesario para que, si estuviera fertilizado, se desarrolle un pollito completo: por eso se le considera uno de los alimentos más completos que existen."
huevos_rancheros,"Los huevos rancheros nacieron como un desayuno abundante para los trabajadores del campo mexicano, pensado para dar suficiente energía antes de una larga jornada."
ice_cream,"El helado necesita batirse mientras se congela para incorporar aire y romper los cristales de hielo grandes; sin ese paso, quedaría duro como un bloque de hielo con sabor."
lasagna,"La lasaña es una de las pastas más antiguas documentadas: hay recetas parecidas desde la Edad Media en Italia, aunque el tomate (ingrediente clave hoy) llegó siglos después desde América."
llapingachos,"Los llapingachos son tortillas de papa rellenas típicas de Ecuador, y su nombre viene del quichua, la lengua indígena de la región andina."
lobster_bisque,"El bisque de langosta se espesa tradicionalmente con arroz cocido y triturado, no con harina, una técnica clásica de la cocina francesa para lograr su textura sedosa."
lobster_roll_sandwich,"El sándwich de langosta es un plato típico de Nueva Inglaterra (EE.UU.) que se sirve tradicionalmente en un pan alargado tostado por los lados, no por arriba."
macaroni_and_cheese,"Los macarrones con queso llegaron a ser tan populares en Estados Unidos que se consideran parte de la llamada ""comfort food"", los platos que reconfortan por nostalgia más que por su sabor."
macarons,"Un macaron perfecto debe tener un ""pie"" (una base rugosa) que se forma solo si la masa reposa el tiempo justo antes de hornearse: por eso son tan difíciles de dominar."
miso_soup,"La sopa de miso se hace con una pasta fermentada de soya que puede tardar entre unos meses y varios años en madurar, según el sabor que se busque."
mondongo,"El mondongo se prepara con callo (panza de res), un ingrediente que necesita varias horas de cocción lenta para ablandarse por completo."
mussels,"Los mejillones se pegan a las rocas usando unos hilos naturales llamados ""biso"", tan resistentes que científicos los estudian para inspirar pegamentos que funcionen bajo el agua."
naranja,"Aunque se asocia mucho con la vitamina C, la naranja también aporta fibra y varios compuestos vegetales que se pierden si solo se toma el jugo colado."
natilla,"La natilla navideña colombiana se espesa gracias a la maicena, y tradicionalmente se sirve fría junto con buñuelos en las fiestas de fin de año."
obleas,"Las obleas se hacen entre dos planchas calientes que las cocinan en solo segundos, dejándolas extremadamente delgadas y crocantes antes de rellenarlas con arequipe."
omelette,"La palabra ""omelette"" viene del francés antiguo y significa algo así como ""lámina delgada"", justo la forma plana que debe tener antes de doblarla."
onion_rings,"Los aros de cebolla se fríen mejor cuando la cebolla se corta gruesa, porque un corte muy delgado hace que se cocine de más antes de que el empanizado dore bien."
oysters,"Las ostras pueden cambiar de sexo varias veces a lo largo de su vida, alternando entre macho y hembra según las condiciones del agua donde viven."
paella,"La paella original valenciana no llevaba mariscos: se preparaba con conejo, pollo y verduras, y la versión con mariscos es una variación posterior que se hizo popular fuera de España."
pancakes,Los panqueques se doran de manera pareja cuando aparecen burbujas en la superficie de la masa cruda: esa es la señal clásica para voltearlos en el punto justo.
pandebono,"El pandebono debe su textura elástica al queso costeño y el almidón de yuca que lleva en la masa, una combinación típica del Valle del Cauca."
patacon,"El patacón se fríe dos veces: la primera para cocinar el plátano por dentro y la segunda, después de aplastarlo, para dejarlo crocante por fuera."
peking_duck,"El pato Pekín se prepara inflando aire entre la piel y la carne antes de asarlo, un paso clave para lograr que la piel quede extra crocante."
pera,"La pera sigue madurando después de cosecharse, por eso muchas veces se compra dura y se deja unos días a temperatura ambiente antes de comerla."
pescado,"El bocachico es uno de los peces de río más representativos de Colombia, especialmente en la cuenca del río Magdalena, aunque su cantidad de espinas pequeñas lo hace todo un reto para comer."
pho,"El pho vietnamita necesita horas de cocción para su caldo, que tradicionalmente se aromatiza con especias enteras como anís estrella, canela y jengibre asado."
pina,"La piña contiene una enzima llamada bromelina capaz de descomponer proteínas, por eso comer mucha piña fresca puede hacer sentir un ligero cosquilleo en la lengua."
pinchos,"Los pinchos de carne se cocinan mejor si los trozos de carne son de tamaño parejo, para que todos alcancen el punto justo de cocción al mismo tiempo sobre la parrilla."
pollo_frito,"El pollo, pechuga sin piel, tiene bastante menos grasa que otras partes del ave, por eso suele elegirse como la opción más liviana al preparar pollo frito."
pork_chop,"La chuleta de cerdo viene del lomo del animal, un músculo que casi no trabaja, por lo que es más tierno que otros cortes que sí soportan mucho movimiento."
prime_rib,"El ""prime rib"" se hornea normalmente con el hueso puesto, porque el hueso ayuda a que el calor se distribuya de forma más pareja dentro de la carne."
pulled_pork_sandwich,"El cerdo desmenuzado (""pulled pork"") se cocina a fuego muy bajo durante muchas horas hasta que la carne queda tan suave que se deshace solo con un tenedor."
red_velvet_cake,"El color rojo del pastel red velvet originalmente venía de una reacción química entre el cacao sin procesar y ciertos ingredientes ácidos, aunque hoy casi siempre se logra con colorante."
risotto,"El risotto se debe revolver constantemente mientras se cocina: ese movimiento libera el almidón del arroz poco a poco, lo que le da su textura cremosa característica sin usar crema de leche."
sancocho,"El sancocho valluno de gallina suele cocinarse en leña según la tradición, porque muchos aseguran que el fuego de leña le da un sabor ahumado que el gas no logra igual."
sashimi,"El sashimi no lleva arroz, a diferencia del sushi: es simplemente pescado o marisco crudo cortado con técnicas muy precisas para resaltar su textura."
scallops,"Las vieiras (scallops) son de los pocos mariscos que pueden ""nadar"" activamente en el agua, cerrando y abriendo su concha con fuerza para impulsarse."
shrimp_and_grits,"""Grits"" es una sémola de maíz típica del sur de Estados Unidos, y su combinación con camarones nació entre los pescadores de la costa de Carolina del Sur."
snacks_empacados,"Los snacks empacados suelen tener una vida útil larga gracias a que se fríen o procesan hasta quedar con muy poca humedad, lo que dificulta que crezcan microorganismos."
soda,"El burbujeo de una gaseosa se debe al dióxido de carbono disuelto a presión: al abrir la botella, la presión baja de golpe y el gas escapa en forma de burbujas."
spaghetti_bolognese,"La verdadera salsa boloñesa, tal como se prepara en Bolonia (Italia), casi siempre lleva más carne que tomate, al contrario de muchas versiones que se hacen fuera de Italia."
spaghetti_carbonara,"La carbonara auténtica no lleva crema de leche: su cremosidad viene de mezclar huevo, queso y la grasa del tocino italiano (guanciale) fuera del fuego, para que el huevo no se cocine de más."
spring_rolls,"Los rollitos de primavera se llaman así porque tradicionalmente se comían en China para celebrar la llegada de la primavera, usando los primeros vegetales frescos de la temporada."
strawberry_shortcake,"El pastel de fresa tradicional estadounidense no usa un bizcocho esponjoso sino más parecido a un bizcocho de galleta, mucho más firme que el de una torta normal."
supercoco,"El Super Coco combina coco rallado con una cobertura dulce, y es uno de los dulces colombianos más reconocibles por su empaque de barra alargada."
sushi,"El sushi originalmente no era un plato de pescado fresco: nació como una técnica para conservar pescado fermentándolo junto con arroz, mucho antes de que existiera la refrigeración."
tiramisu,"""Tiramisú"" significa literalmente ""levántame"" en italiano, un nombre que hace referencia al efecto energizante del café y el cacao que lleva el postre."
uva,"Las uvas usadas para comer y las usadas para hacer vino suelen ser variedades distintas, aunque pertenecen a la misma especie de planta."
waffles,"Los waffles deben sus hoyitos característicos a la plancha con la que se cocinan, un diseño que existe desde hace siglos y que ayuda a que la mantequilla y el sirope se repartan mejor."
tamal,"El tamal (cuyo nombre tiene origen en la palabra náhuatl tamalli, que significa «envuelto») se envuelve en hojas vegetales. Esta técnica de origen prehispánico sirve tanto para dar sabor como para cocinar al vapor sin necesidad de una olla especial. Aunque hoy en día es muy común usar la hoja de plátano, esta planta llegó con los españoles en el siglo XVI. En la época precolombina se utilizaban exclusivamente hojas nativas americanas, como la hoja de maíz (tanto secas como verdes), las hojas de bijao y diversas variedades de platanillos silvestres (como la papatla o las heliconias), las cuales cumplían la misma función protectora y aromática."
tacos,"Comer con tortillas es un súper invento de las culturas prehispánicas, quienes hace miles de años descubrieron que la tortilla de maíz era la envoltura perfecta —¡y sostenible!— para llevar su comida al campo. Pero el origen de la palabra taco es un gran misterio histórico. Hay tres teorías: algunos lingüistas dicen que viene del náhuatl tlahco (que significa «en el medio», por cómo se dobla), otros creen que viene del español antiguo que llamaba ""taco"" a un tapón cilíndrico, y una teoría muy popular dice que nació en el siglo XVIII con los mineros de plata, quienes llamaban ""tacos"" a sus cartuchos cilíndricos de pólvora porque se veían idénticos a su almuerzo enrollado. Sea cual sea la verdad, comer un taco es conectar con una tradición milenaria que combina ingenio indígena y evolución de nuestra historia."
steak,"Casi todos los chefs dicen que debes dejar reposar un bistec unos minutos después de cocinarlo para que ""los jugos se redistribuyan por dentro"" y no se escapen al cortarlo. Sin embargo, los científicos de la alimentación han descubierto que la carne no funciona como una esponja. En realidad, no es que los jugos viajen de un lado a otro, sino un tema de temperatura y presión. Cuando la carne está hirviendo en la sartén, el calor aumenta la presión interna y hace que el líquido quiera salir disparado. Al dejarlo reposar, la temperatura baja un poco, la presión se estabiliza y el líquido se vuelve más espeso, logrando que se quede atrapado en cada bocado en lugar de inundar tu plato. Tomarte ese pequeño tiempo de espera no solo mejora la textura, sino que te invita a practicar la paciencia y a disfrutar tu comida con todos los sentidos."
ajiaco,"Lograr la textura súper cremosa de un auténtico ajiaco colombiano no es truco de magia, ¡es pura ciencia en la cocina! Este platillo necesita tres tipos distintos de papa que trabajan en equipo: la papa criolla (amarilla) se deshace por completo para espesar la sopa naturalmente; la papa pastusa se ablanda para darle cuerpo al caldo; y la papa sabanera resiste el calor para quedarse entera, dándote algo firme que morder. Es un gran ejemplo de cómo los ingredientes naturales y enteros se complementan entre sí para crear la consistencia perfecta sin necesidad de espesantes artificiales."
apple_pie,"Aunque en las películas y series escuches que algo es «tan estadounidense como el pay de manzana» (as American as apple pie), el origen de este postre es europeo. Las primeras recetas impresas aparecieron en Inglaterra a finales del siglo XIV, mucho antes de que se fundara Estados Unidos. Además, la famosa frase comparativa no nació en el siglo XIX, sino en el siglo XX. El dicho empezó a popularizarse en la publicidad y las noticias en los años 1920, pero se volvió un verdadero símbolo nacional durante la Segunda Guerra Mundial, cuando los soldados decían que iban a luchar «por mamá y el pay de manzana». Conocer la historia de lo que comemos nos ayuda a ver cómo la comida viaja, evoluciona y une a diferentes culturas del mundo."
arroz,"Aunque el maíz es el cereal que más se produce en toneladas a nivel mundial, una enorme parte se destina a alimentar ganado o a fabricar combustibles. En cambio, si hablamos de lo que va directo al plato de las personas, el arroz es el verdadero rey de la nutrición humana. Este cereal es el alimento básico para casi la mitad de la humanidad (unos 3.500 millones de personas), aportando más del 20% de todas las calorías que consumimos en el planeta cada día. Es el ejemplo perfecto de un ingrediente que sostiene la seguridad alimentaria global y nos llena de energía limpia para el día a día."
baklava,"Hacer un baklava es una verdadera obra de arte que nos enseña el valor de la paciencia al cocinar. Este famoso dulce, perfeccionado en el antiguo Imperio Otomano, destaca por su masa filo, la cual se estira a mano hasta quedar tan delgada como una hoja de papel. Aunque en las cocinas se dice de forma exagerada que se puede leer un periódico a través de ella, la realidad es que su textura crujiente se logra gracias a un dedicado trabajo artesanal. De hecho, muchas recetas tradicionales griegas usan exactamente 33 capas de masa en honor a los años de vida de Cristo. Es un postre para saborear despacio, apreciando el tiempo y el esfuerzo dedicados a su preparación."
bandeja_paisa,"La bandeja paisa es famosa por su enorme tamaño y su gran variedad de ingredientes, pero su historia es un genial caso de evolución culinaria. Aunque la creencia popular dice que era el plato diario que los antiguos arrieros y campesinos comían para llenarse de energía, los historiadores explican que este plato como tal no existía en el campo, donde la comida era mucho más sencilla. La bandeja paisa, con su gran variedad de elementos servidos juntos, nació en realidad a mediados del siglo XX en restaurantes urbanos y hoteles como una forma de promocionar la gastronomía de Antioquia. Este plato nos recuerda cómo cambian nuestras tradiciones y la importancia de escuchar a nuestro cuerpo para disfrutar la comida con equilibrio."
beef_tartare,"Seguro has escuchado la leyenda de que este famoso plato de carne cruda picada a cuchillo nació con los jinetes tártaros en las estepas de Asia Central, quienes supuestamente ponían la carne bajo sus sillas de montar para ablandarla mientras cabalgaban. ¡Pero los historiadores dicen que eso es solo un mito! En realidad, el beef tartare moderno nació en los restaurantes de Francia a principios del siglo XX. Al principio se servía con salsa tártara (de ahí su verdadero nombre) y se llamaba Steak Americano. Comer este plato es una experiencia que nos invita a valorar la frescura extrema de los ingredientes y a confiar en la calidad de lo que llevamos a nuestro cuerpo."
beet_salad,"Si alguna vez notas que tu orina se vuelve rosada o rojiza después de comer una buena ensalada de remolacha, ¡no te asustes! Este curioso fenómeno le ocurre a cerca del 10% al 14% de las personas y tiene un nombre científico: beeturia. Ocurre porque tu cuerpo no descompone del todo la betanina, que es el pigmento natural superpotente que le da su hermoso color a la remolacha. Aunque la beeturia en sí misma es una reacción completamente benigna, la ciencia médica nos recuerda que a veces puede ser más común si tienes niveles bajos de hierro. Es una forma genial en la que nuestro cuerpo nos habla y nos muestra cómo procesa los nutrientes naturales de la tierra."
beignets,"Los esponjosos beignets llegaron a la ciudad de Nueva Orleans en el siglo XVIII gracias a los colonos franceses, y se volvieron tan icónicos que hoy en día tienen un título de honor. Pero ojo al dato exacto: no son el ""postre oficial"" de Luisiana, sino que la ley estatal los nombró oficialmente como la dona oficial (official doughnut) del estado. Este snack, cubierto con una lluvia de azúcar glass, nos enseña que está bien disfrutar de un dulce momento tradicional, siempre que lo hagamos de forma presente, saboreando cada bocado despacio y apreciando su historia."
bibimbap,"En coreano, la palabra bibimbap significa literalmente ""arroz mezclado"". Lo genial de este plato tradicional es que se basa en la filosofía oriental del equilibrio, buscando incluir cinco colores que representan diferentes elementos y nutrientes benéficos para el cuerpo. Aunque hoy en día es súper popular verlo servido en un tazón de piedra caliente que tuesta el arroz del fondo (una variante deliciosa llamada dolsot bibimbap), la receta tradicional original se servía simplemente en un tazón normal a temperatura ambiente. Es una invitación perfecta a conectar con un plato lleno de vegetales coloridos que nutren tu cuerpo de forma balanceada."
bruschetta,"La bruschetta es uno de los aperitivos más famosos de Italia, y su nombre viene de la palabra italiana bruscare, que significa ""tostar sobre brasas"". Aunque muchas historias populares dicen que los agricultores de la Antigua Roma ya la usaban para probar la calidad del aceite de oliva recién exprimido, los historiadores explican que esto es parte de la tradición oral, ya que el tomate (su ingrediente estrella actual) llegó a Europa muchos siglos después. Lo que sí es seguro es que nació como una brillante receta de la ""cocina pobre"" para rescatar el pan viejo del día anterior y no desperdiciar nada. ¡Un gran ejemplo antiguo de consumo responsable y cero desperdicio de comida!"
bunuelos,"El buñuelo colombiano es único en el mundo por su perfecta forma redonda y su textura crocante por fuera y esponjosa por dentro. Existe la creencia de que este secreto se debe únicamente al almidón de yuca agria, pero si miras las recetas tradicionales y las etiquetas de las mezclas comerciales, verás que en realidad es un trabajo en equipo: se necesita una combinación equilibrada de fécula de maíz y almidón de yuca, mezclados con mucho queso costeño. Entender cómo actúan los ingredientes nos ayuda a ver la cocina como un laboratorio de ciencia divertido y delicioso."
caesar_salad,"Aunque por su nombre muchos piensen en el emperador Julio César y la Antigua Roma, esta famosa ensalada nació en realidad en Tijuana, México, en julio de 1924. El inventor fue un chef italiano llamado Caesar Cardini. La historia cuenta que durante un fin de semana muy ocupado en su restaurante, se estaba quedando sin ingredientes en la cocina. En lugar de rendirse, el chef Cardini usó su ingenio y mezcló de forma espectacular lo que le quedaba a la mano: lechuga romana, ajo, crotones, queso parmesano y aceite de oliva, creando todo un clásico mundial. ¡Puro ingenio culinario!"
caprese_salad,"Es una explicación súper popular decir que la ensalada Caprese (originaria de la hermosa isla de Capri) fue inventada ""a propósito"" para rendir homenaje a la bandera italiana con el verde de la albahaca, el blanco de la mozzarella y el rojo del tomate. Sin embargo, los historiadores gastronómicos señalan que no hay pruebas de que se haya creado con esa intención política. En realidad, simplemente combina tres de los ingredientes locales más frescos, saludables y perfectos del verano italiano. Nos demuestra que cuando comes ingredientes locales y de temporada, la naturaleza misma se encarga de crear combinaciones hermosas y nutritivas."
carrot_cake,"Aunque usar zanahorias para endulzar postres viene desde la época medieval (porque el azúcar era un lujo carísimo), el pastel de zanahoria moderno se convirtió en un éxito mundial gracias a la Segunda Guerra Mundial. Debido al conflicto, el azúcar estaba rígidamente racionada en países como Gran Bretaña. El gobierno impulsó una campaña para que la gente usara zanahorias —que eran abundantes y muy fáciles de cultivar en casa— para darle humedad y un dulzor natural a los pasteles. Es una gran lección de resiliencia que nos enseña cómo los vegetales pueden ser nuestros mejores aliados para endulzar de forma más natural."
cheesecake,"El pay de queso es uno de los postres más antiguos de la humanidad. Aunque hoy lo asociamos directamente con Nueva York, los arqueólogos han encontrado moldes de queso en Grecia que datan del año 2000 a.C. Existe una famosa historia que afirma que se les servía a los atletas en los primeros Juegos Olímpicos en el año 776 a.C. como una fuente de energía compacta. Si bien los registros escritos exactos de esa época son escasos y difíciles de verificar al 100%, sabemos que para los antiguos griegos la mezcla de queso machacado, harina de trigo y miel era un alimento muy valioso y lleno de energía."
chicken_wings,"Las famosas alitas de pollo picantes nacieron en la ciudad de Buffalo (EE. UU.) en 1964, en un lugar llamado Anchor Bar. Existen varias versiones nostálgicas sobre su origen —como que la dueña las preparó para un antojo de medianoche de sus hijos—, pero la realidad comercial es que el bar simplemente se encontró con un exceso de alitas de pollo (que en esa época se usaban solo para hacer caldo) y decidió freírlas y bañarlas en salsa picante para no desperdiciarlas. Fue un éxito instantáneo que transformó una parte del alimento que nadie quería en el snack más famoso del mundo."
chocolatinas,"Durante siglos, el chocolate se consumió casi exclusivamente como una bebida amarga. Crear una barra de chocolate con leche suave era un reto químico tremendo, porque el agua de la leche líquida no se mezcla bien con la grasa del cacao. El gran cambio ocurrió en Suiza en el siglo XIX, cuando el confitero Daniel Peter tuvo la brillante idea de utilizar leche condensada (un invento reciente de su vecino Henri Nestlé) para eliminar el exceso de agua. Gracias a ese experimento nació la chocolatina con leche que conocemos hoy. Recuerda disfrutar del chocolate con consciencia, prefiriendo opciones con mayor porcentaje de cacao para cuidar tu bienestar."
chororamo,"El Chocoramo es un verdadero ícono en Colombia, creado por Olimpo López en la fábrica de Ponqués Ramo. Aunque la marca comenzó en los años 1950, la idea de cubrir el tradicional ponqué de vainilla con una capa crujiente de chocolate nació oficialmente a principios de la década de 1970 (no en los 80). Su famoso empaque con bordes plateados y letras naranjas ha cambiado muy poco desde entonces, convirtiéndose en un símbolo de nostalgia y tradición. Disfrutar de estos sabores de vez en cuando nos conecta con nuestra cultura, recordándonos que el equilibrio es la clave de una alimentación consciente."
cup_cakes,"Existe el mito de que estos minipasteles se llaman cupcakes (""pasteles de taza"") porque originalmente se horneaban dentro de tazas de té de cerámica. Sin embargo, la explicación histórica más aceptada por los expertos en cocina es que el nombre revolucionó la forma de cocinar: se llamaban así porque la receta se medía por tazas de ingredientes (una taza de mantequilla, dos tazas de azúcar, tres tazas de harina) en lugar de pesar todo en una báscula. Esto hizo que hornear fuera mucho más rápido, fácil y accesible para todos."
deviled_eggs,"En inglés, los huevos rellenos se conocen como deviled eggs. El uso del término ""endiablado"" (deviled) en la cocina se consolidó en el siglo XVIII en Gran Bretaña. No tenía nada que ver con algo malo, sino que los cocineros de la época usaban esa palabra como una jerga divertida para describir cualquier alimento que fuera fuertemente condimentado, picante o preparado con ingredientes intensos como la mostaza, la pimienta o el pimentón. Los huevos son una excelente fuente de proteína natural que nos da energía duradera para nuestras actividades."
foie_gras,"El foie gras (que significa ""hígado graso"" en francés) es uno de los alimentos más antiguos y debatidos del mundo. Los arqueólogos han descubierto pinturas en las tumbas de los antiguos egipcios que muestran que hace unos 4.000 años ellos ya practicaban el engorde de gansos tras notar que estas aves acumulaban grasa de forma natural antes de migrar. Hoy en día, la producción de este ingrediente es un tema muy sensible debido a los métodos de alimentación forzada, lo que nos invita a reflexionar profundamente en nuestra app sobre el bienestar animal y la importancia de elegir siempre alimentos obtenidos de forma ética y sostenible."
french_fries,"Aunque en todo el mundo se les conoce como ""papas a la francesa"", su verdadero origen es el centro de una gran y divertida disputa histórica entre Francia y Bélgica. Existe una famosa leyenda belga que dice que en el siglo XVII, los habitantes de una región junto al río Mosa solían pescar y freír pececitos; cuando el río se congelaba en invierno, cortaban papas en forma de peces para freírlas en su lugar. Aunque los historiadores han demostrado que esta historia es más un mito popular que un hecho verificado, lo cierto es que ambos países han perfeccionado la técnica de la papa frita. Si las preparas en casa al horno con un poco de aceite de oliva, ¡pueden ser una opción deliciosa y muy saludable!"
french_onion_soup,"La clásica sopa de cebolla francesa es el ejemplo perfecto de cómo el tiempo transforma los alimentos. Para lograr ese caldo oscuro, reconfortante y con un toque dulce tan característico, no se necesita agregar azúcar artificial. El secreto está en la paciencia: se requiere una cocción extremadamente lenta (que toma fácilmente entre 45 y 60 minutos) para que los azúcares naturales que ya vienen dentro de la cebolla se caramelicen por completo a fuego bajo. Cocinar despacio es un acto de atención plena que transforma ingredientes sencillos en pura magia culinaria."
frituras_empaquetadas,"La historia más famosa del mundo sobre las papas fritas de paquete (tipo chips) dice que se inventaron en 1853 en Saratoga Springs, Nueva York, cuando un chef enojado cortó las papas extremadamente delgadas y crujientes para molestar a un cliente que se quejaba de que sus papas eran muy gruesas. Sin embargo, los historiadores han descubierto que esto es solo una leyenda urbana de la época y que recetas de papas cortadas así ya existían en libros de cocina anteriores. Hoy sabemos que los snacks ultraprocesados de paquete suelen tener exceso de sodio y grasas saturadas, por lo que cambiarlos por chips hechos en casa con vegetales frescos es una gran idea para cuidar tu salud."
gaseosas_bebidas_azucaradas,"En Colombia, las gaseosas y la mayoría de las bebidas azucaradas llevan en su etiqueta un sello octogonal negro que advierte sobre el ""Exceso en Azúcares"", de acuerdo con las normativas vigentes de salud pública. Una sola lata de gaseosa normal puede superar fácilmente la cantidad ideal de azúcar recomendada para todo un día. Estos sellos son herramientas geniales para la alimentación consciente, ya que nos ayudan a leer las etiquetas de forma rápida, a entender qué estamos metiendo en nuestro cuerpo y a elegir agua o jugos naturales sin azúcar para mantenernos verdaderamente hidratados."
grilled_cheese_sandwich,"El sándwich de queso derretido a la parrilla se convirtió en un pilar de la comida reconfortante en Estados Unidos durante la época de la Gran Depresión económica en la década de 1930. En esos momentos difíciles, este sándwich era una solución maravillosa porque era muy económico, rápido de preparar y requería ingredientes muy básicos que se conservaban bien. Nos recuerda cómo la cocina se adapta a las necesidades humanas y cómo un plato sencillo, hecho con presencia y compartido en familia, puede transformarse en una fuente de bienestar y calidez."
hot_dog,"El hot dog llegó a América gracias a los inmigrantes alemanes, quienes llevaron sus tradicionales salchichas condimentadas. Pero el origen de su nombre en inglés es un misterio con varias versiones en disputa. La historia más divertida —pero que los historiadores no han podido comprobar con documentos— dice que un caricaturista deportivo vio que las vendían calientes en panes bajo el nombre de ""salchichas dachshund"" (perro salchicha) y, como no sabía cómo escribir esa palabra en su dibujo, simplemente las llamó hot dogs. Sea como sea, hoy es un ícono de la comida rápida que nos invita a reflexionar sobre la importancia de buscar opciones de salchichas de buena calidad y acompañarlas siempre con vegetales frescos."
hummus,"El hummus es una deliciosa y cremosa pasta hecha a base de garbanzos triturados, tahini (pasta de ajonjolí), limón y ajo. Aunque es el rey de las redes sociales hoy en día, las primeras recetas similares documentadas en libros de cocina en Medio Oriente (específicamente en El Cairo, Egipto) datan de hace cientos de años, alrededor del siglo XIII. Los garbanzos son una fuente fantástica de proteína vegetal, fibra y energía limpia. Disfrutar del hummus con bastones de zanahoria o apio es una de las meriendas más conscientes, nutritivas y deliciosas que le puedes dar a tu cuerpo."
mango,"El mango es originario del sur de Asia (especialmente de la India), donde se ha cultivado y consumido con profundo respeto desde hace miles de años. Es una de las frutas más queridas del planeta y un verdadero regalo de la naturaleza, cargado de vitaminas A y C que llenan tu cuerpo de antioxidantes y protegen tus defensas. Saborear un mango maduro de forma consciente —sintiendo su textura, su aroma tropical y su dulzor natural— es una experiencia increíble para conectar tus cinco sentidos con la salud que viene directamente de los árboles."
manzana,"Aunque cuando vas al supermercado normalmente solo encuentras cuatro o cinco tipos de manzana (como la Gala, la Verde o la Red Delicious), la realidad de la naturaleza es asombrosa: ¡existen más de 7.500 variedades distintas de manzana en todo el mundo! Si quisieras probar una variedad diferente cada día, te tomaría más de 20 años conocerlas todas. Esta increíble diversidad nos recuerda la riqueza de la biodiversidad de la Tierra y nos invita a explorar nuevos sabores naturales siempre que tengamos la oportunidad."
mazorcada,"La mazorcada es un plato de comida rápida callejera súper popular en Colombia que tiene como gran protagonista al maíz tierno (desgranado). Aunque en redes sociales a veces se confunde su origen, la realidad es que no es un plato tradicional del sur del país (como Nariño) ni su base lleva papa; es una preparación urbana moderna que se disfruta en ciudades de todo el país, especialmente en el centro de Colombia. Tradicionalmente combina el maíz con carnes, queso derretido y ripio de papa por encima. Nos enseña cómo el maíz, nuestro grano ancestral, sigue transformándose en nuevas formas divertidas de comida urbana."
nachos,"Los nachos tienen un día de cumpleaños y un inventor exacto: nacieron en 1943 en la ciudad fronteriza de Piedras Negras, México. El héroe de esta historia fue un jefe de meseros llamado Ignacio ""Nacho"" Anaya. Un grupo de clientas llegó al restaurante cuando la cocina ya estaba cerrada y no había chef. Para atenderlas de forma atenta, Ignacio improvisó rápidamente en la cocina con lo que encontró: cortó tortillas de maíz en forma de triángulos, las frió, les puso queso cheddar rallado por encima y unas rodajas de chile jalapeño, metiéndolas al horno. ¡El plato fue un éxito mundial y adoptó el tierno apodo de su creador!"
nucita,"La Nucita bicolor es uno de los dulces más nostálgicos y queridos. Existe la idea popular de que su sabor a chocolate y nueces se inspira en las famosas cremas para untar europeas hechas a base de avellana, ¡y es totalmente cierto! Si revisas con atención la etiqueta de ingredientes del producto original en Colombia, verás que entre sus componentes incluye pasta de avellana real, combinada con sabores a leche y cacao. Recuerda comer estos dulces con atención plena: disfrútalos en porciones pequeñas, saboreándolos despacio con tu cucharita para conectar realmente con su textura y sabor sin excesos."
pad_thai,"El Pad Thai es el plato nacional de Tailandia, compuesto por fideos de arroz salteados con un balance perfecto de sabores dulces, salados y ácidos. Lo curioso es que este plato no nació de forma espontánea en los hogares antiguos, sino como una estrategia política del gobierno en la década de 1930. Para unir al país y promover la identidad nacional (además de impulsar el consumo de fideos de arroz durante una época de escasez de este grano entero), el gobierno promovió activamente esta receta en todas las calles. Nos demuestra cómo la comida puede unir a toda una nación en torno a una identidad saludable y deliciosa."
panna_cotta,"La panna cotta es un postre italiano exquisito cuyo nombre significa literalmente ""crema cocida"". Tiene una textura increíblemente suave y sedosa que se siente genial al paladar. Existe el error común de pensar que, a diferencia de otros postres flaneros, se cuaja solo con calor y frío sin usar nada más, pero la realidad científica de la repostería es que sí necesita gelatina (o un sustituto vegetal como el agar-agar) para poder mantener su forma perfecta de gelatina cremosa sin desarmarse. Al comerla, concéntrate en esa textura que se derrite suavemente en tu boca."
pizza,"La historia más famosa del mundo de la pizza cuenta que en 1889, el cocinero Raffaele Esposito creó la pizza Margarita en Nápoles para honrar la visita de la reina Margarita de Saboya, usando los colores de la bandera italiana (rojo tomate, blanco mozzarella y verde albahaca). Sin embargo, los investigadores históricos han descubierto que esta hermosa historia es en gran parte una leyenda inventada años después para hacerle publicidad al plato, y que esa combinación de ingredientes ya se comía en la región desde mucho antes. Sea como sea, una pizza hecha con una masa reposada y salsa de tomate natural es una forma espectacular y saludable de celebrar la comida real."
poutine,"La poutine es el plato callejero más famoso de Canadá, nacido en la región de Quebec en la década de 1950. Combina tres ingredientes exactos: papas fritas bien crujientes, queso en grano fresco (que hace un sonido divertido como un ""chillido"" al morderlo) y una salsa de carne caliente llamada gravy. Lo genial de este plato es que la salsa caliente se vierte justo antes de comerlo para que el queso se ablande perfectamente y las papas no pierdan su textura crocante por completo. Nos enseña la importancia de las texturas en la comida y cómo cada elemento aporta al rompecabezas de un gran plato."
quipitos,"Los Quipitos son una de las golosinas más queridas y nostálgicas de Colombia, creada por la firma Quala en 1983. Al contrario de lo que muchos creen, no son un snack de maíz con sabor a queso, sino una mezcla a base de leche entera en polvo azucarada con un sutil toque de sabor a arequipe. Lo verdaderamente genial de este dulce ocurrió en la década de 1990, cuando decidieron agregarle popping candy (cristales de azúcar con pequeñas burbujas de dióxido de carbono atrapadas a alta presión). Al entrar en contacto con la saliva, los cristales se disuelven y liberan el gas, provocando esa divertida mini explosión que tanto nos sorprende. Este clásico nos enseña que la comida puede ser un laboratorio de texturas divertidas, recordándonos la importancia de disfrutar los dulces de forma ocasional y consciente, saboreando cada pequeña chispa con atención plena."
ramen,"El ramen es el plato japonés más famoso del mundo, pero su verdadera historia tiene raíces chinas. Los fideos de trigo tipo lamian llegaron a Japón a finales del siglo XIX e inicios del siglo XX de la mano de inmigrantes chinos. Los cocineros locales adoptaron estos fideos y los mezclaron con sus propios métodos tradicionales de caldos e ingredientes, transformándolos con las décadas en el plato icónico y reconfortante que conocemos hoy. Disfrutar de un buen tazón de ramen nos enseña cómo las culturas se enriquecen mutuamente a través de la comida real."
ravioli,"Cocinar raviolis es un gran experimento científico. Existe la creencia de que se sellan atrapando aire adentro para que floten al hervirse, ¡pero los chefs y científicos explican que es exactamente al revés! Al armarlos, se debe sacar todo el aire posible del interior; si se queda atrapado, el aire se expande con el calor del agua y hace que la pasta explote, arruinando el guisado. Los raviolis flotan simplemente porque la masa y el relleno se cocinan y se vuelven un poco menos densos que el agua. Pon atención al sellar tu comida: ¡el secreto está en los detalles!"
samosa,"Aunque hoy asociamos las samosas directamente con la gastronomía de la India, este delicioso bocadillo triangular es un trotamundos histórico. Los registros demuestran que nació hace siglos en Medio Oriente, donde se le conocía en Persa antiguo como sanbosag. Fueron los comerciantes y viajeros medievales quienes la llevaron a través de las rutas comerciales hacia el sur de Asia, donde se transformó incorporando los increíbles vegetales y especias locales de la región. Es un recordatorio genial de cómo el comercio antiguo conectaba a la humanidad a través de sabores naturales y nutritivos."
seaweed_salad,"Las algas marinas son famosas por ser una de las fuentes vegetales más ricas en yodo, un mineral esencial que la glándula tiroides utiliza para producir las hormonas que controlan tu metabolismo y energía. Sin embargo, la ciencia médica nos advierte que con las algas hay que aplicar la regla de ""ni mucho ni poco"". Como algunas variedades acumulan cantidades extremadamente altas de este mineral, comer ensalada de algas en exceso puede ser contraproducente y alterar el funcionamiento de tu tiroides en lugar de ayudarlo. Disfrutar de este plato de forma moderada y ocasional es una excelente manera de nutrir tu cuerpo con conciencia y respetar su equilibrio natural."
