alimento_codigo,tipo,grupos
ajiaco,plato,cereales;proteinas;frutas_verduras
apple_pie,postre,cereales;frutas_verduras;azucares
arepa,plato,cereales
aromatica,bebida,
arroz,plato,cereales
baby_back_ribs,plato,proteinas
baklava,postre,cereales;azucares
bandeja_paisa,plato,proteinas;cereales;grasas
banano,fruta,frutas_verduras
barrilete,paquete,azucares
beef_tartare,plato,proteinas
beet_salad,plato,frutas_verduras
beignets,postre,cereales;azucares
bibimbap,plato,cereales;proteinas;frutas_verduras
bonbonbum,paquete,azucares
bread_pudding,postre,cereales;lacteos;azucares
breakfast_burrito,plato,cereales;proteinas
bruschetta,plato,cereales;frutas_verduras
bunuelos,plato,cereales;lacteos
caesar_salad,plato,frutas_verduras;lacteos;cereales
cannoli,postre,cereales;lacteos;azucares
caprese_salad,plato,frutas_verduras;lacteos
carrot_cake,postre,cereales;frutas_verduras;azucares
ceviche,plato,proteinas;frutas_verduras
cheese_plate,plato,lacteos
cheesecake,postre,lacteos;cereales;azucares
cheetos_boliqueso,paquete,grasas;cereales
cheetos_trissitos,paquete,grasas;cereales
chicharron,plato,proteinas;grasas
chicken_curry,plato,proteinas;frutas_verduras
chicken_quesadilla,plato,cereales;proteinas;lacteos
chicken_wings,plato,proteinas
chocolate_cake,postre,cereales;azucares
chocolate_mousse,postre,lacteos;azucares
chocolatinas,paquete,azucares;lacteos
chororamo,paquete,cereales;azucares
churros,postre,cereales;azucares
clam_chowder,plato,proteinas;lacteos;cereales
club_sandwich,plato,cereales;proteinas;frutas_verduras
cocacola_original,bebida,azucares
colombiana,bebida,azucares
crab_cakes,plato,proteinas;cereales
creme_brulee,postre,lacteos;azucares
cup_cakes,postre,cereales;azucares
cuy,plato,proteinas
del_valle_fresh_citricas,bebida,azucares
detodito_pollo_parrillero,paquete,grasas;cereales
deviled_eggs,plato,proteinas
donuts,postre,cereales;azucares
doritos_bbq,paquete,grasas;cereales
doritos_pizza,paquete,grasas;cereales
dumplings,plato,cereales;proteinas
edamame,plato,proteinas
eggs_benedict,plato,cereales;proteinas
empanada_anejo,plato,cereales;lacteos
envuelto_choclo_queso,plato,cereales;lacteos
envuelto_yuca,plato,cereales
escargots,plato,proteinas
falafel,plato,proteinas;cereales
filet_mignon,plato,proteinas
foie_gras,plato,proteinas
french_fries,plato,cereales;grasas
french_onion_soup,plato,frutas_verduras;lacteos;cereales
french_toast,plato,cereales;proteinas;lacteos
fresa,fruta,frutas_verduras
fresas_crema,postre,frutas_verduras;lacteos;azucares
fried_calamari,plato,proteinas;cereales
fried_rice,plato,cereales;proteinas;frutas_verduras
frito,plato,proteinas;cereales
frituras_empaquetadas,paquete,grasas;cereales
frozen_yogurt,postre,lacteos;azucares
frutas,fruta,frutas_verduras
garlic_bread,plato,cereales;grasas
gaseosas_bebidas_azucaradas,bebida,azucares
gnocchi,plato,cereales
greek_salad,plato,frutas_verduras;lacteos
grilled_cheese_sandwich,plato,cereales;lacteos
grilled_salmon,plato,proteinas
guacamole,plato,grasas;frutas_verduras
gyoza,plato,cereales;proteinas
hamburger,plato,cereales;proteinas;frutas_verduras
hornado,plato,proteinas
hot_and_sour_soup,plato,proteinas;frutas_verduras
hot_dog,plato,cereales;proteinas
huevo,plato,proteinas
huevos_rancheros,plato,proteinas;cereales;frutas_verduras
hummus,plato,proteinas;grasas
ice_cream,postre,lacteos;azucares
lasagna,plato,cereales;proteinas;lacteos
llapingachos,plato,cereales;lacteos
lobster_bisque,plato,proteinas;lacteos
lobster_roll_sandwich,plato,cereales;proteinas
macaroni_and_cheese,plato,cereales;lacteos
macarons,postre,azucares
mango,fruta,frutas_verduras
manzana,fruta,frutas_verduras
margarita_limon,paquete,grasas;cereales
margarita_mayonesa,paquete,grasas;cereales
margarita_onduladas_tomate,paquete,grasas;cereales
mazorcada,plato,cereales;proteinas;lacteos
miso_soup,plato,proteinas;frutas_verduras
mondongo,plato,proteinas;frutas_verduras;cereales
mr_tea,bebida,azucares
mussels,plato,proteinas
nachos,plato,cereales;lacteos
naranja,fruta,frutas_verduras
natilla,postre,lacteos;azucares
natuchips_platano,paquete,grasas;cereales
nucita,paquete,azucares;grasas
obleas,postre,cereales;lacteos;azucares
omelette,plato,proteinas
onion_rings,plato,cereales;grasas;frutas_verduras
oysters,plato,proteinas
pad_thai,plato,cereales;proteinas;frutas_verduras
paella,plato,cereales;proteinas
pancakes,plato,cereales;lacteos
pandebono,plato,cereales;lacteos
panna_cotta,postre,lacteos;azucares
patacon,plato,cereales;grasas
peking_duck,plato,proteinas
pepsi,bebida,azucares
pera,fruta,frutas_verduras
pescado,plato,proteinas
pho,plato,proteinas;cereales;frutas_verduras
pina,fruta,frutas_verduras
pinchos,plato,proteinas
pizza,plato,cereales;lacteos
pollo_frito,plato,proteinas
pork_chop,plato,proteinas
postobon_manzana,bebida,azucares
poutine,plato,cereales;lacteos;grasas
prime_rib,plato,proteinas
pulled_pork_sandwich,plato,cereales;proteinas
quipitos,paquete,azucares;lacteos
ramen,plato,cereales;proteinas;frutas_verduras
ravioli,plato,cereales;proteinas;lacteos
red_velvet_cake,postre,cereales;azucares
risotto,plato,cereales;lacteos
rizadas_limon,paquete,grasas;cereales
rizadas_mayonesa,paquete,grasas;cereales
samosa,plato,cereales
sancocho,plato,proteinas;cereales;frutas_verduras
sashimi,plato,proteinas
scallops,plato,proteinas
seaweed_salad,plato,frutas_verduras
shrimp_and_grits,plato,proteinas;cereales
snacks_empacados,paquete,grasas;cereales
soda,bebida,azucares
spaghetti_bolognese,plato,cereales;proteinas
spaghetti_carbonara,plato,cereales;proteinas;lacteos
speed_max,bebida,azucares
spring_rolls,plato,frutas_verduras;cereales
steak,plato,proteinas
strawberry_shortcake,postre,cereales;frutas_verduras;azucares
supercoco,paquete,azucares;grasas
superricas_papas_pollo,paquete,grasas;cereales
superricas_tajaditas_platano,paquete,grasas;cereales
sushi,plato,cereales;proteinas
tacos,plato,cereales;proteinas
takis_intense_nacho,paquete,grasas;cereales
tamal,plato,cereales;proteinas
tamal_tolimense,plato,cereales;proteinas
tiramisu,postre,lacteos;cereales;azucares
tosti_empanadas_limon,paquete,grasas;cereales
uva,fruta,frutas_verduras
vive100,bebida,azucares
waffles,plato,cereales;lacteos
yupis,paquete,grasas;cereales
